alpha,average_per_model_size,dataset,model_name,num_layers,num_neurons,num_nonzero_parameters,num_trainable_parameters,setting,source_tree_depth,source_tree_num_leaves,source_tree_num_nodes,total_ensemble_size
,0,diabetes,source_tree,0,57.0,0,0,single_tree,5.0,29.0,57.0,0
0.5,337.0,diabetes,coexplain_soft,3,58,85,337,single_tree,5.0,29.0,57.0,337
1.0,337.0,diabetes,coexplain_soft,3,58,85,337,single_tree,5.0,29.0,57.0,337
2.0,337.0,diabetes,coexplain_soft,3,58,85,337,single_tree,5.0,29.0,57.0,337
5.0,337.0,diabetes,coexplain_soft,3,58,130,337,single_tree,5.0,29.0,57.0,337
10.0,337.0,diabetes,coexplain_soft,3,58,316,337,single_tree,5.0,29.0,57.0,337
20.0,337.0,diabetes,coexplain_soft,3,58,327,337,single_tree,5.0,29.0,57.0,337
50.0,337.0,diabetes,coexplain_soft,3,58,337,337,single_tree,5.0,29.0,57.0,337
100.0,337.0,diabetes,coexplain_soft,3,58,337,337,single_tree,5.0,29.0,57.0,337
0.5,337.0,diabetes,same_arch_random,3,58,309,337,single_tree,5.0,29.0,57.0,337
1.0,337.0,diabetes,same_arch_random,3,58,309,337,single_tree,5.0,29.0,57.0,337
2.0,337.0,diabetes,same_arch_random,3,58,309,337,single_tree,5.0,29.0,57.0,337
5.0,337.0,diabetes,same_arch_random,3,58,309,337,single_tree,5.0,29.0,57.0,337
10.0,337.0,diabetes,same_arch_random,3,58,309,337,single_tree,5.0,29.0,57.0,337
20.0,337.0,diabetes,same_arch_random,3,58,309,337,single_tree,5.0,29.0,57.0,337
50.0,337.0,diabetes,same_arch_random,3,58,309,337,single_tree,5.0,29.0,57.0,337
100.0,337.0,diabetes,same_arch_random,3,58,309,337,single_tree,5.0,29.0,57.0,337
,1711.0,diabetes,djinn,5,90,998,1711,single_tree,5.0,29.0,57.0,1711
0.5,337.0,diabetes,path_expansion,3,58,337,337,single_tree,5.0,29.0,57.0,337
1.0,337.0,diabetes,path_expansion,3,58,337,337,single_tree,5.0,29.0,57.0,337
2.0,337.0,diabetes,path_expansion,3,58,337,337,single_tree,5.0,29.0,57.0,337
5.0,337.0,diabetes,path_expansion,3,58,337,337,single_tree,5.0,29.0,57.0,337
10.0,337.0,diabetes,path_expansion,3,58,337,337,single_tree,5.0,29.0,57.0,337
20.0,337.0,diabetes,path_expansion,3,58,337,337,single_tree,5.0,29.0,57.0,337
50.0,337.0,diabetes,path_expansion,3,58,337,337,single_tree,5.0,29.0,57.0,337
100.0,337.0,diabetes,path_expansion,3,58,337,337,single_tree,5.0,29.0,57.0,337
,339.0,diabetes,mlp,3,27,339,339,single_tree,5.0,29.0,57.0,339
,0,diabetes,source_tree,0,51.2,0,0,ensemble_10,5.0,26.1,51.2,0
0.5,302.2,diabetes,coexplain_soft,30,522,781,3022,ensemble_10,5.0,26.1,51.2,3022
1.0,302.2,diabetes,coexplain_soft,30,522,781,3022,ensemble_10,5.0,26.1,51.2,3022
2.0,302.2,diabetes,coexplain_soft,30,522,781,3022,ensemble_10,5.0,26.1,51.2,3022
5.0,302.2,diabetes,coexplain_soft,30,522,1546,3022,ensemble_10,5.0,26.1,51.2,3022
10.0,302.2,diabetes,coexplain_soft,30,522,2799,3022,ensemble_10,5.0,26.1,51.2,3022
20.0,302.2,diabetes,coexplain_soft,30,522,2990,3022,ensemble_10,5.0,26.1,51.2,3022
50.0,302.2,diabetes,coexplain_soft,30,522,3018,3022,ensemble_10,5.0,26.1,51.2,3022
100.0,302.2,diabetes,coexplain_soft,30,522,3019,3022,ensemble_10,5.0,26.1,51.2,3022
0.5,302.2,diabetes,same_arch_random,30,522,2771,3022,ensemble_10,5.0,26.1,51.2,3022
1.0,302.2,diabetes,same_arch_random,30,522,2771,3022,ensemble_10,5.0,26.1,51.2,3022
2.0,302.2,diabetes,same_arch_random,30,522,2771,3022,ensemble_10,5.0,26.1,51.2,3022
5.0,302.2,diabetes,same_arch_random,30,522,2771,3022,ensemble_10,5.0,26.1,51.2,3022
10.0,302.2,diabetes,same_arch_random,30,522,2771,3022,ensemble_10,5.0,26.1,51.2,3022
20.0,302.2,diabetes,same_arch_random,30,522,2771,3022,ensemble_10,5.0,26.1,51.2,3022
50.0,302.2,diabetes,same_arch_random,30,522,2771,3022,ensemble_10,5.0,26.1,51.2,3022
100.0,302.2,diabetes,same_arch_random,30,522,2771,3022,ensemble_10,5.0,26.1,51.2,3022
,1581.7,diabetes,djinn,50,860,8823,15817,ensemble_10,5.0,26.1,51.2,15817
0.5,302.2,diabetes,path_expansion,30,522,3022,3022,ensemble_10,5.0,26.1,51.2,3022
1.0,302.2,diabetes,path_expansion,30,522,3022,3022,ensemble_10,5.0,26.1,51.2,3022
2.0,302.2,diabetes,path_expansion,30,522,3022,3022,ensemble_10,5.0,26.1,51.2,3022
5.0,302.2,diabetes,path_expansion,30,522,3022,3022,ensemble_10,5.0,26.1,51.2,3022
10.0,302.2,diabetes,path_expansion,30,522,3022,3022,ensemble_10,5.0,26.1,51.2,3022
20.0,302.2,diabetes,path_expansion,30,522,3022,3022,ensemble_10,5.0,26.1,51.2,3022
50.0,302.2,diabetes,path_expansion,30,522,3022,3022,ensemble_10,5.0,26.1,51.2,3022
100.0,302.2,diabetes,path_expansion,30,522,3022,3022,ensemble_10,5.0,26.1,51.2,3022
,301.0,diabetes,mlp,30,250,3010,3010,ensemble_10,5.0,26.1,51.2,3010
,0,diabetes,source_tree,0,61.0,0,0,single_tree,5.0,31.0,61.0,0
0.5,361.0,diabetes,coexplain_soft,3,62,91,361,single_tree,5.0,31.0,61.0,361
1.0,361.0,diabetes,coexplain_soft,3,62,91,361,single_tree,5.0,31.0,61.0,361
2.0,361.0,diabetes,coexplain_soft,3,62,91,361,single_tree,5.0,31.0,61.0,361
5.0,361.0,diabetes,coexplain_soft,3,62,91,361,single_tree,5.0,31.0,61.0,361
10.0,361.0,diabetes,coexplain_soft,3,62,332,361,single_tree,5.0,31.0,61.0,361
20.0,361.0,diabetes,coexplain_soft,3,62,342,361,single_tree,5.0,31.0,61.0,361
50.0,361.0,diabetes,coexplain_soft,3,62,359,361,single_tree,5.0,31.0,61.0,361
100.0,361.0,diabetes,coexplain_soft,3,62,359,361,single_tree,5.0,31.0,61.0,361
0.5,361.0,diabetes,same_arch_random,3,62,331,361,single_tree,5.0,31.0,61.0,361
1.0,361.0,diabetes,same_arch_random,3,62,331,361,single_tree,5.0,31.0,61.0,361
2.0,361.0,diabetes,same_arch_random,3,62,331,361,single_tree,5.0,31.0,61.0,361
5.0,361.0,diabetes,same_arch_random,3,62,331,361,single_tree,5.0,31.0,61.0,361
10.0,361.0,diabetes,same_arch_random,3,62,331,361,single_tree,5.0,31.0,61.0,361
20.0,361.0,diabetes,same_arch_random,3,62,331,361,single_tree,5.0,31.0,61.0,361
50.0,361.0,diabetes,same_arch_random,3,62,331,361,single_tree,5.0,31.0,61.0,361
100.0,361.0,diabetes,same_arch_random,3,62,331,361,single_tree,5.0,31.0,61.0,361
,1763.0,diabetes,djinn,5,92,985,1763,single_tree,5.0,31.0,61.0,1763
0.5,361.0,diabetes,path_expansion,3,62,361,361,single_tree,5.0,31.0,61.0,361
1.0,361.0,diabetes,path_expansion,3,62,361,361,single_tree,5.0,31.0,61.0,361
2.0,361.0,diabetes,path_expansion,3,62,361,361,single_tree,5.0,31.0,61.0,361
5.0,361.0,diabetes,path_expansion,3,62,361,361,single_tree,5.0,31.0,61.0,361
10.0,361.0,diabetes,path_expansion,3,62,361,361,single_tree,5.0,31.0,61.0,361
20.0,361.0,diabetes,path_expansion,3,62,361,361,single_tree,5.0,31.0,61.0,361
50.0,361.0,diabetes,path_expansion,3,62,361,361,single_tree,5.0,31.0,61.0,361
100.0,361.0,diabetes,path_expansion,3,62,361,361,single_tree,5.0,31.0,61.0,361
,379.0,diabetes,mlp,3,29,379,379,single_tree,5.0,31.0,61.0,379
,0,diabetes,source_tree,0,57.2,0,0,ensemble_10,5.0,29.1,57.2,0
0.5,338.2,diabetes,coexplain_soft,30,582,853,3382,ensemble_10,5.0,29.1,57.2,3382
1.0,338.2,diabetes,coexplain_soft,30,582,853,3382,ensemble_10,5.0,29.1,57.2,3382
2.0,338.2,diabetes,coexplain_soft,30,582,853,3382,ensemble_10,5.0,29.1,57.2,3382
5.0,338.2,diabetes,coexplain_soft,30,582,1724,3382,ensemble_10,5.0,29.1,57.2,3382
10.0,338.2,diabetes,coexplain_soft,30,582,3079,3382,ensemble_10,5.0,29.1,57.2,3382
20.0,338.2,diabetes,coexplain_soft,30,582,3302,3382,ensemble_10,5.0,29.1,57.2,3382
50.0,338.2,diabetes,coexplain_soft,30,582,3375,3382,ensemble_10,5.0,29.1,57.2,3382
100.0,338.2,diabetes,coexplain_soft,30,582,3373,3382,ensemble_10,5.0,29.1,57.2,3382
0.5,338.2,diabetes,same_arch_random,30,582,3101,3382,ensemble_10,5.0,29.1,57.2,3382
1.0,338.2,diabetes,same_arch_random,30,582,3101,3382,ensemble_10,5.0,29.1,57.2,3382
2.0,338.2,diabetes,same_arch_random,30,582,3101,3382,ensemble_10,5.0,29.1,57.2,3382
5.0,338.2,diabetes,same_arch_random,30,582,3101,3382,ensemble_10,5.0,29.1,57.2,3382
10.0,338.2,diabetes,same_arch_random,30,582,3101,3382,ensemble_10,5.0,29.1,57.2,3382
20.0,338.2,diabetes,same_arch_random,30,582,3101,3382,ensemble_10,5.0,29.1,57.2,3382
50.0,338.2,diabetes,same_arch_random,30,582,3101,3382,ensemble_10,5.0,29.1,57.2,3382
100.0,338.2,diabetes,same_arch_random,30,582,3101,3382,ensemble_10,5.0,29.1,57.2,3382
,1697.8,diabetes,djinn,50,898,9373,16978,ensemble_10,5.0,29.1,57.2,16978
0.5,338.2,diabetes,path_expansion,30,582,3382,3382,ensemble_10,5.0,29.1,57.2,3382
1.0,338.2,diabetes,path_expansion,30,582,3382,3382,ensemble_10,5.0,29.1,57.2,3382
2.0,338.2,diabetes,path_expansion,30,582,3382,3382,ensemble_10,5.0,29.1,57.2,3382
5.0,338.2,diabetes,path_expansion,30,582,3382,3382,ensemble_10,5.0,29.1,57.2,3382
10.0,338.2,diabetes,path_expansion,30,582,3382,3382,ensemble_10,5.0,29.1,57.2,3382
20.0,338.2,diabetes,path_expansion,30,582,3382,3382,ensemble_10,5.0,29.1,57.2,3382
50.0,338.2,diabetes,path_expansion,30,582,3382,3382,ensemble_10,5.0,29.1,57.2,3382
100.0,338.2,diabetes,path_expansion,30,582,3382,3382,ensemble_10,5.0,29.1,57.2,3382
,339.0,diabetes,mlp,30,270,3390,3390,ensemble_10,5.0,29.1,57.2,3390
,0,diabetes,source_tree,0,55.0,0,0,single_tree,5.0,28.0,55.0,0
0.5,325.0,diabetes,coexplain_soft,3,56,82,325,single_tree,5.0,28.0,55.0,325
1.0,325.0,diabetes,coexplain_soft,3,56,82,325,single_tree,5.0,28.0,55.0,325
2.0,325.0,diabetes,coexplain_soft,3,56,82,325,single_tree,5.0,28.0,55.0,325
5.0,325.0,diabetes,coexplain_soft,3,56,127,325,single_tree,5.0,28.0,55.0,325
10.0,325.0,diabetes,coexplain_soft,3,56,298,325,single_tree,5.0,28.0,55.0,325
20.0,325.0,diabetes,coexplain_soft,3,56,324,325,single_tree,5.0,28.0,55.0,325
50.0,325.0,diabetes,coexplain_soft,3,56,324,325,single_tree,5.0,28.0,55.0,325
100.0,325.0,diabetes,coexplain_soft,3,56,324,325,single_tree,5.0,28.0,55.0,325
0.5,325.0,diabetes,same_arch_random,3,56,298,325,single_tree,5.0,28.0,55.0,325
1.0,325.0,diabetes,same_arch_random,3,56,298,325,single_tree,5.0,28.0,55.0,325
2.0,325.0,diabetes,same_arch_random,3,56,298,325,single_tree,5.0,28.0,55.0,325
5.0,325.0,diabetes,same_arch_random,3,56,298,325,single_tree,5.0,28.0,55.0,325
10.0,325.0,diabetes,same_arch_random,3,56,298,325,single_tree,5.0,28.0,55.0,325
20.0,325.0,diabetes,same_arch_random,3,56,298,325,single_tree,5.0,28.0,55.0,325
50.0,325.0,diabetes,same_arch_random,3,56,298,325,single_tree,5.0,28.0,55.0,325
100.0,325.0,diabetes,same_arch_random,3,56,298,325,single_tree,5.0,28.0,55.0,325
,1685.0,diabetes,djinn,5,89,1039,1685,single_tree,5.0,28.0,55.0,1685
0.5,325.0,diabetes,path_expansion,3,56,325,325,single_tree,5.0,28.0,55.0,325
1.0,325.0,diabetes,path_expansion,3,56,325,325,single_tree,5.0,28.0,55.0,325
2.0,325.0,diabetes,path_expansion,3,56,325,325,single_tree,5.0,28.0,55.0,325
5.0,325.0,diabetes,path_expansion,3,56,325,325,single_tree,5.0,28.0,55.0,325
10.0,325.0,diabetes,path_expansion,3,56,325,325,single_tree,5.0,28.0,55.0,325
20.0,325.0,diabetes,path_expansion,3,56,325,325,single_tree,5.0,28.0,55.0,325
50.0,325.0,diabetes,path_expansion,3,56,325,325,single_tree,5.0,28.0,55.0,325
100.0,325.0,diabetes,path_expansion,3,56,325,325,single_tree,5.0,28.0,55.0,325
,339.0,diabetes,mlp,3,27,339,339,single_tree,5.0,28.0,55.0,339
,0,diabetes,source_tree,0,57.2,0,0,ensemble_10,5.0,29.1,57.2,0
0.5,338.2,diabetes,coexplain_soft,30,582,853,3382,ensemble_10,5.0,29.1,57.2,3382
1.0,338.2,diabetes,coexplain_soft,30,582,853,3382,ensemble_10,5.0,29.1,57.2,3382
2.0,338.2,diabetes,coexplain_soft,30,582,853,3382,ensemble_10,5.0,29.1,57.2,3382
5.0,338.2,diabetes,coexplain_soft,30,582,1483,3382,ensemble_10,5.0,29.1,57.2,3382
10.0,338.2,diabetes,coexplain_soft,30,582,3110,3382,ensemble_10,5.0,29.1,57.2,3382
20.0,338.2,diabetes,coexplain_soft,30,582,3363,3382,ensemble_10,5.0,29.1,57.2,3382
50.0,338.2,diabetes,coexplain_soft,30,582,3373,3382,ensemble_10,5.0,29.1,57.2,3382
100.0,338.2,diabetes,coexplain_soft,30,582,3372,3382,ensemble_10,5.0,29.1,57.2,3382
0.5,338.2,diabetes,same_arch_random,30,582,3101,3382,ensemble_10,5.0,29.1,57.2,3382
1.0,338.2,diabetes,same_arch_random,30,582,3101,3382,ensemble_10,5.0,29.1,57.2,3382
2.0,338.2,diabetes,same_arch_random,30,582,3101,3382,ensemble_10,5.0,29.1,57.2,3382
5.0,338.2,diabetes,same_arch_random,30,582,3101,3382,ensemble_10,5.0,29.1,57.2,3382
10.0,338.2,diabetes,same_arch_random,30,582,3101,3382,ensemble_10,5.0,29.1,57.2,3382
20.0,338.2,diabetes,same_arch_random,30,582,3101,3382,ensemble_10,5.0,29.1,57.2,3382
50.0,338.2,diabetes,same_arch_random,30,582,3101,3382,ensemble_10,5.0,29.1,57.2,3382
100.0,338.2,diabetes,same_arch_random,30,582,3101,3382,ensemble_10,5.0,29.1,57.2,3382
,1697.9,diabetes,djinn,50,898,9665,16979,ensemble_10,5.0,29.1,57.2,16979
0.5,338.2,diabetes,path_expansion,30,582,3382,3382,ensemble_10,5.0,29.1,57.2,3382
1.0,338.2,diabetes,path_expansion,30,582,3382,3382,ensemble_10,5.0,29.1,57.2,3382
2.0,338.2,diabetes,path_expansion,30,582,3382,3382,ensemble_10,5.0,29.1,57.2,3382
5.0,338.2,diabetes,path_expansion,30,582,3382,3382,ensemble_10,5.0,29.1,57.2,3382
10.0,338.2,diabetes,path_expansion,30,582,3382,3382,ensemble_10,5.0,29.1,57.2,3382
20.0,338.2,diabetes,path_expansion,30,582,3382,3382,ensemble_10,5.0,29.1,57.2,3382
50.0,338.2,diabetes,path_expansion,30,582,3382,3382,ensemble_10,5.0,29.1,57.2,3382
100.0,338.2,diabetes,path_expansion,30,582,3382,3382,ensemble_10,5.0,29.1,57.2,3382
,339.0,diabetes,mlp,30,270,3390,3390,ensemble_10,5.0,29.1,57.2,3390
,0,diabetes,source_tree,0,57.0,0,0,single_tree,5.0,29.0,57.0,0
0.5,337.0,diabetes,coexplain_soft,3,58,85,337,single_tree,5.0,29.0,57.0,337
1.0,337.0,diabetes,coexplain_soft,3,58,85,337,single_tree,5.0,29.0,57.0,337
2.0,337.0,diabetes,coexplain_soft,3,58,85,337,single_tree,5.0,29.0,57.0,337
5.0,337.0,diabetes,coexplain_soft,3,58,137,337,single_tree,5.0,29.0,57.0,337
10.0,337.0,diabetes,coexplain_soft,3,58,300,337,single_tree,5.0,29.0,57.0,337
20.0,337.0,diabetes,coexplain_soft,3,58,326,337,single_tree,5.0,29.0,57.0,337
50.0,337.0,diabetes,coexplain_soft,3,58,337,337,single_tree,5.0,29.0,57.0,337
100.0,337.0,diabetes,coexplain_soft,3,58,337,337,single_tree,5.0,29.0,57.0,337
0.5,337.0,diabetes,same_arch_random,3,58,309,337,single_tree,5.0,29.0,57.0,337
1.0,337.0,diabetes,same_arch_random,3,58,309,337,single_tree,5.0,29.0,57.0,337
2.0,337.0,diabetes,same_arch_random,3,58,309,337,single_tree,5.0,29.0,57.0,337
5.0,337.0,diabetes,same_arch_random,3,58,309,337,single_tree,5.0,29.0,57.0,337
10.0,337.0,diabetes,same_arch_random,3,58,309,337,single_tree,5.0,29.0,57.0,337
20.0,337.0,diabetes,same_arch_random,3,58,309,337,single_tree,5.0,29.0,57.0,337
50.0,337.0,diabetes,same_arch_random,3,58,309,337,single_tree,5.0,29.0,57.0,337
100.0,337.0,diabetes,same_arch_random,3,58,309,337,single_tree,5.0,29.0,57.0,337
,1657.0,diabetes,djinn,5,89,859,1657,single_tree,5.0,29.0,57.0,1657
0.5,337.0,diabetes,path_expansion,3,58,337,337,single_tree,5.0,29.0,57.0,337
1.0,337.0,diabetes,path_expansion,3,58,337,337,single_tree,5.0,29.0,57.0,337
2.0,337.0,diabetes,path_expansion,3,58,337,337,single_tree,5.0,29.0,57.0,337
5.0,337.0,diabetes,path_expansion,3,58,337,337,single_tree,5.0,29.0,57.0,337
10.0,337.0,diabetes,path_expansion,3,58,337,337,single_tree,5.0,29.0,57.0,337
20.0,337.0,diabetes,path_expansion,3,58,337,337,single_tree,5.0,29.0,57.0,337
50.0,337.0,diabetes,path_expansion,3,58,337,337,single_tree,5.0,29.0,57.0,337
100.0,337.0,diabetes,path_expansion,3,58,337,337,single_tree,5.0,29.0,57.0,337
,339.0,diabetes,mlp,3,27,339,339,single_tree,5.0,29.0,57.0,339
,0,diabetes,source_tree,0,56.0,0,0,ensemble_10,5.0,28.5,56.0,0
0.5,331.0,diabetes,coexplain_soft,30,570,835,3310,ensemble_10,5.0,28.5,56.0,3310
1.0,331.0,diabetes,coexplain_soft,30,570,835,3310,ensemble_10,5.0,28.5,56.0,3310
2.0,331.0,diabetes,coexplain_soft,30,570,835,3310,ensemble_10,5.0,28.5,56.0,3310
5.0,331.0,diabetes,coexplain_soft,30,570,1616,3310,ensemble_10,5.0,28.5,56.0,3310
10.0,331.0,diabetes,coexplain_soft,30,570,3070,3310,ensemble_10,5.0,28.5,56.0,3310
20.0,331.0,diabetes,coexplain_soft,30,570,3263,3310,ensemble_10,5.0,28.5,56.0,3310
50.0,331.0,diabetes,coexplain_soft,30,570,3308,3310,ensemble_10,5.0,28.5,56.0,3310
100.0,331.0,diabetes,coexplain_soft,30,570,3307,3310,ensemble_10,5.0,28.5,56.0,3310
0.5,331.0,diabetes,same_arch_random,30,570,3035,3310,ensemble_10,5.0,28.5,56.0,3310
1.0,331.0,diabetes,same_arch_random,30,570,3035,3310,ensemble_10,5.0,28.5,56.0,3310
2.0,331.0,diabetes,same_arch_random,30,570,3035,3310,ensemble_10,5.0,28.5,56.0,3310
5.0,331.0,diabetes,same_arch_random,30,570,3035,3310,ensemble_10,5.0,28.5,56.0,3310
10.0,331.0,diabetes,same_arch_random,30,570,3035,3310,ensemble_10,5.0,28.5,56.0,3310
20.0,331.0,diabetes,same_arch_random,30,570,3035,3310,ensemble_10,5.0,28.5,56.0,3310
50.0,331.0,diabetes,same_arch_random,30,570,3035,3310,ensemble_10,5.0,28.5,56.0,3310
100.0,331.0,diabetes,same_arch_random,30,570,3035,3310,ensemble_10,5.0,28.5,56.0,3310
,1666.7,diabetes,djinn,50,889,8816,16667,ensemble_10,5.0,28.5,56.0,16667
0.5,331.0,diabetes,path_expansion,30,570,3310,3310,ensemble_10,5.0,28.5,56.0,3310
1.0,331.0,diabetes,path_expansion,30,570,3310,3310,ensemble_10,5.0,28.5,56.0,3310
2.0,331.0,diabetes,path_expansion,30,570,3310,3310,ensemble_10,5.0,28.5,56.0,3310
5.0,331.0,diabetes,path_expansion,30,570,3310,3310,ensemble_10,5.0,28.5,56.0,3310
10.0,331.0,diabetes,path_expansion,30,570,3310,3310,ensemble_10,5.0,28.5,56.0,3310
20.0,331.0,diabetes,path_expansion,30,570,3310,3310,ensemble_10,5.0,28.5,56.0,3310
50.0,331.0,diabetes,path_expansion,30,570,3310,3310,ensemble_10,5.0,28.5,56.0,3310
100.0,331.0,diabetes,path_expansion,30,570,3310,3310,ensemble_10,5.0,28.5,56.0,3310
,339.0,diabetes,mlp,30,270,3390,3390,ensemble_10,5.0,28.5,56.0,3390
,0,diabetes,source_tree,0,57.0,0,0,single_tree,5.0,29.0,57.0,0
0.5,337.0,diabetes,coexplain_soft,3,58,85,337,single_tree,5.0,29.0,57.0,337
1.0,337.0,diabetes,coexplain_soft,3,58,85,337,single_tree,5.0,29.0,57.0,337
2.0,337.0,diabetes,coexplain_soft,3,58,85,337,single_tree,5.0,29.0,57.0,337
5.0,337.0,diabetes,coexplain_soft,3,58,162,337,single_tree,5.0,29.0,57.0,337
10.0,337.0,diabetes,coexplain_soft,3,58,299,337,single_tree,5.0,29.0,57.0,337
20.0,337.0,diabetes,coexplain_soft,3,58,327,337,single_tree,5.0,29.0,57.0,337
50.0,337.0,diabetes,coexplain_soft,3,58,337,337,single_tree,5.0,29.0,57.0,337
100.0,337.0,diabetes,coexplain_soft,3,58,337,337,single_tree,5.0,29.0,57.0,337
0.5,337.0,diabetes,same_arch_random,3,58,309,337,single_tree,5.0,29.0,57.0,337
1.0,337.0,diabetes,same_arch_random,3,58,309,337,single_tree,5.0,29.0,57.0,337
2.0,337.0,diabetes,same_arch_random,3,58,309,337,single_tree,5.0,29.0,57.0,337
5.0,337.0,diabetes,same_arch_random,3,58,309,337,single_tree,5.0,29.0,57.0,337
10.0,337.0,diabetes,same_arch_random,3,58,309,337,single_tree,5.0,29.0,57.0,337
20.0,337.0,diabetes,same_arch_random,3,58,309,337,single_tree,5.0,29.0,57.0,337
50.0,337.0,diabetes,same_arch_random,3,58,309,337,single_tree,5.0,29.0,57.0,337
100.0,337.0,diabetes,same_arch_random,3,58,309,337,single_tree,5.0,29.0,57.0,337
,1657.0,diabetes,djinn,5,89,889,1657,single_tree,5.0,29.0,57.0,1657
0.5,337.0,diabetes,path_expansion,3,58,337,337,single_tree,5.0,29.0,57.0,337
1.0,337.0,diabetes,path_expansion,3,58,337,337,single_tree,5.0,29.0,57.0,337
2.0,337.0,diabetes,path_expansion,3,58,337,337,single_tree,5.0,29.0,57.0,337
5.0,337.0,diabetes,path_expansion,3,58,337,337,single_tree,5.0,29.0,57.0,337
10.0,337.0,diabetes,path_expansion,3,58,337,337,single_tree,5.0,29.0,57.0,337
20.0,337.0,diabetes,path_expansion,3,58,337,337,single_tree,5.0,29.0,57.0,337
50.0,337.0,diabetes,path_expansion,3,58,337,337,single_tree,5.0,29.0,57.0,337
100.0,337.0,diabetes,path_expansion,3,58,337,337,single_tree,5.0,29.0,57.0,337
,339.0,diabetes,mlp,3,27,339,339,single_tree,5.0,29.0,57.0,339
,0,diabetes,source_tree,0,58.8,0,0,ensemble_10,5.0,29.9,58.8,0
0.5,347.8,diabetes,coexplain_soft,30,598,877,3478,ensemble_10,5.0,29.9,58.8,3478
1.0,347.8,diabetes,coexplain_soft,30,598,877,3478,ensemble_10,5.0,29.9,58.8,3478
2.0,347.8,diabetes,coexplain_soft,30,598,877,3478,ensemble_10,5.0,29.9,58.8,3478
5.0,347.8,diabetes,coexplain_soft,30,598,1678,3478,ensemble_10,5.0,29.9,58.8,3478
10.0,347.8,diabetes,coexplain_soft,30,598,3170,3478,ensemble_10,5.0,29.9,58.8,3478
20.0,347.8,diabetes,coexplain_soft,30,598,3451,3478,ensemble_10,5.0,29.9,58.8,3478
50.0,347.8,diabetes,coexplain_soft,30,598,3474,3478,ensemble_10,5.0,29.9,58.8,3478
100.0,347.8,diabetes,coexplain_soft,30,598,3473,3478,ensemble_10,5.0,29.9,58.8,3478
0.5,347.8,diabetes,same_arch_random,30,598,3189,3478,ensemble_10,5.0,29.9,58.8,3478
1.0,347.8,diabetes,same_arch_random,30,598,3189,3478,ensemble_10,5.0,29.9,58.8,3478
2.0,347.8,diabetes,same_arch_random,30,598,3189,3478,ensemble_10,5.0,29.9,58.8,3478
5.0,347.8,diabetes,same_arch_random,30,598,3189,3478,ensemble_10,5.0,29.9,58.8,3478
10.0,347.8,diabetes,same_arch_random,30,598,3189,3478,ensemble_10,5.0,29.9,58.8,3478
20.0,347.8,diabetes,same_arch_random,30,598,3189,3478,ensemble_10,5.0,29.9,58.8,3478
50.0,347.8,diabetes,same_arch_random,30,598,3189,3478,ensemble_10,5.0,29.9,58.8,3478
100.0,347.8,diabetes,same_arch_random,30,598,3189,3478,ensemble_10,5.0,29.9,58.8,3478
,1723.9,diabetes,djinn,50,907,9814,17239,ensemble_10,5.0,29.9,58.8,17239
0.5,347.8,diabetes,path_expansion,30,598,3478,3478,ensemble_10,5.0,29.9,58.8,3478
1.0,347.8,diabetes,path_expansion,30,598,3478,3478,ensemble_10,5.0,29.9,58.8,3478
2.0,347.8,diabetes,path_expansion,30,598,3478,3478,ensemble_10,5.0,29.9,58.8,3478
5.0,347.8,diabetes,path_expansion,30,598,3478,3478,ensemble_10,5.0,29.9,58.8,3478
10.0,347.8,diabetes,path_expansion,30,598,3478,3478,ensemble_10,5.0,29.9,58.8,3478
20.0,347.8,diabetes,path_expansion,30,598,3478,3478,ensemble_10,5.0,29.9,58.8,3478
50.0,347.8,diabetes,path_expansion,30,598,3478,3478,ensemble_10,5.0,29.9,58.8,3478
100.0,347.8,diabetes,path_expansion,30,598,3478,3478,ensemble_10,5.0,29.9,58.8,3478
,339.0,diabetes,mlp,30,270,3390,3390,ensemble_10,5.0,29.9,58.8,3390
,0,california_housing,source_tree,0,55.0,0,0,single_tree,5.0,28.0,55.0,0
0.5,271.0,california_housing,coexplain_soft,3,56,82,271,single_tree,5.0,28.0,55.0,271
1.0,271.0,california_housing,coexplain_soft,3,56,82,271,single_tree,5.0,28.0,55.0,271
2.0,271.0,california_housing,coexplain_soft,3,56,103,271,single_tree,5.0,28.0,55.0,271
5.0,271.0,california_housing,coexplain_soft,3,56,152,271,single_tree,5.0,28.0,55.0,271
10.0,271.0,california_housing,coexplain_soft,3,56,221,271,single_tree,5.0,28.0,55.0,271
20.0,271.0,california_housing,coexplain_soft,3,56,271,271,single_tree,5.0,28.0,55.0,271
50.0,271.0,california_housing,coexplain_soft,3,56,271,271,single_tree,5.0,28.0,55.0,271
100.0,271.0,california_housing,coexplain_soft,3,56,271,271,single_tree,5.0,28.0,55.0,271
0.5,271.0,california_housing,same_arch_random,3,56,244,271,single_tree,5.0,28.0,55.0,271
1.0,271.0,california_housing,same_arch_random,3,56,244,271,single_tree,5.0,28.0,55.0,271
2.0,271.0,california_housing,same_arch_random,3,56,244,271,single_tree,5.0,28.0,55.0,271
5.0,271.0,california_housing,same_arch_random,3,56,244,271,single_tree,5.0,28.0,55.0,271
10.0,271.0,california_housing,same_arch_random,3,56,244,271,single_tree,5.0,28.0,55.0,271
20.0,271.0,california_housing,same_arch_random,3,56,244,271,single_tree,5.0,28.0,55.0,271
50.0,271.0,california_housing,same_arch_random,3,56,244,271,single_tree,5.0,28.0,55.0,271
100.0,271.0,california_housing,same_arch_random,3,56,244,271,single_tree,5.0,28.0,55.0,271
,1342.0,california_housing,djinn,5,80,763,1342,single_tree,5.0,28.0,55.0,1342
0.5,271.0,california_housing,path_expansion,3,56,271,271,single_tree,5.0,28.0,55.0,271
1.0,271.0,california_housing,path_expansion,3,56,271,271,single_tree,5.0,28.0,55.0,271
2.0,271.0,california_housing,path_expansion,3,56,271,271,single_tree,5.0,28.0,55.0,271
5.0,271.0,california_housing,path_expansion,3,56,271,271,single_tree,5.0,28.0,55.0,271
10.0,271.0,california_housing,path_expansion,3,56,271,271,single_tree,5.0,28.0,55.0,271
20.0,271.0,california_housing,path_expansion,3,56,271,271,single_tree,5.0,28.0,55.0,271
50.0,271.0,california_housing,path_expansion,3,56,271,271,single_tree,5.0,28.0,55.0,271
100.0,271.0,california_housing,path_expansion,3,56,271,271,single_tree,5.0,28.0,55.0,271
,277.0,california_housing,mlp,3,25,277,277,single_tree,5.0,28.0,55.0,277
,0,california_housing,source_tree,0,59.6,0,0,ensemble_10,5.0,30.3,59.6,0
0.5,294.0,california_housing,coexplain_soft,30,606,889,2940,ensemble_10,5.0,30.3,59.6,2940
1.0,294.0,california_housing,coexplain_soft,30,606,889,2940,ensemble_10,5.0,30.3,59.6,2940
2.0,294.0,california_housing,coexplain_soft,30,606,973,2940,ensemble_10,5.0,30.3,59.6,2940
5.0,294.0,california_housing,coexplain_soft,30,606,1435,2940,ensemble_10,5.0,30.3,59.6,2940
10.0,294.0,california_housing,coexplain_soft,30,606,2163,2940,ensemble_10,5.0,30.3,59.6,2940
20.0,294.0,california_housing,coexplain_soft,30,606,2870,2940,ensemble_10,5.0,30.3,59.6,2940
50.0,294.0,california_housing,coexplain_soft,30,606,2940,2940,ensemble_10,5.0,30.3,59.6,2940
100.0,294.0,california_housing,coexplain_soft,30,606,2940,2940,ensemble_10,5.0,30.3,59.6,2940
0.5,294.0,california_housing,same_arch_random,30,606,2647,2940,ensemble_10,5.0,30.3,59.6,2940
1.0,294.0,california_housing,same_arch_random,30,606,2647,2940,ensemble_10,5.0,30.3,59.6,2940
2.0,294.0,california_housing,same_arch_random,30,606,2647,2940,ensemble_10,5.0,30.3,59.6,2940
5.0,294.0,california_housing,same_arch_random,30,606,2647,2940,ensemble_10,5.0,30.3,59.6,2940
10.0,294.0,california_housing,same_arch_random,30,606,2647,2940,ensemble_10,5.0,30.3,59.6,2940
20.0,294.0,california_housing,same_arch_random,30,606,2647,2940,ensemble_10,5.0,30.3,59.6,2940
50.0,294.0,california_housing,same_arch_random,30,606,2647,2940,ensemble_10,5.0,30.3,59.6,2940
100.0,294.0,california_housing,same_arch_random,30,606,2647,2940,ensemble_10,5.0,30.3,59.6,2940
,1426.3,california_housing,djinn,50,829,8032,14263,ensemble_10,5.0,30.3,59.6,14263
0.5,294.0,california_housing,path_expansion,30,606,2940,2940,ensemble_10,5.0,30.3,59.6,2940
1.0,294.0,california_housing,path_expansion,30,606,2940,2940,ensemble_10,5.0,30.3,59.6,2940
2.0,294.0,california_housing,path_expansion,30,606,2940,2940,ensemble_10,5.0,30.3,59.6,2940
5.0,294.0,california_housing,path_expansion,30,606,2940,2940,ensemble_10,5.0,30.3,59.6,2940
10.0,294.0,california_housing,path_expansion,30,606,2940,2940,ensemble_10,5.0,30.3,59.6,2940
20.0,294.0,california_housing,path_expansion,30,606,2940,2940,ensemble_10,5.0,30.3,59.6,2940
50.0,294.0,california_housing,path_expansion,30,606,2940,2940,ensemble_10,5.0,30.3,59.6,2940
100.0,294.0,california_housing,path_expansion,30,606,2940,2940,ensemble_10,5.0,30.3,59.6,2940
,313.0,california_housing,mlp,30,270,3130,3130,ensemble_10,5.0,30.3,59.6,3130
,0,california_housing,source_tree,0,55.0,0,0,single_tree,5.0,28.0,55.0,0
0.5,271.0,california_housing,coexplain_soft,3,56,82,271,single_tree,5.0,28.0,55.0,271
1.0,271.0,california_housing,coexplain_soft,3,56,82,271,single_tree,5.0,28.0,55.0,271
2.0,271.0,california_housing,coexplain_soft,3,56,103,271,single_tree,5.0,28.0,55.0,271
5.0,271.0,california_housing,coexplain_soft,3,56,131,271,single_tree,5.0,28.0,55.0,271
10.0,271.0,california_housing,coexplain_soft,3,56,215,271,single_tree,5.0,28.0,55.0,271
20.0,271.0,california_housing,coexplain_soft,3,56,271,271,single_tree,5.0,28.0,55.0,271
50.0,271.0,california_housing,coexplain_soft,3,56,271,271,single_tree,5.0,28.0,55.0,271
100.0,271.0,california_housing,coexplain_soft,3,56,271,271,single_tree,5.0,28.0,55.0,271
0.5,271.0,california_housing,same_arch_random,3,56,244,271,single_tree,5.0,28.0,55.0,271
1.0,271.0,california_housing,same_arch_random,3,56,244,271,single_tree,5.0,28.0,55.0,271
2.0,271.0,california_housing,same_arch_random,3,56,244,271,single_tree,5.0,28.0,55.0,271
5.0,271.0,california_housing,same_arch_random,3,56,244,271,single_tree,5.0,28.0,55.0,271
10.0,271.0,california_housing,same_arch_random,3,56,244,271,single_tree,5.0,28.0,55.0,271
20.0,271.0,california_housing,same_arch_random,3,56,244,271,single_tree,5.0,28.0,55.0,271
50.0,271.0,california_housing,same_arch_random,3,56,244,271,single_tree,5.0,28.0,55.0,271
100.0,271.0,california_housing,same_arch_random,3,56,244,271,single_tree,5.0,28.0,55.0,271
,1342.0,california_housing,djinn,5,80,884,1342,single_tree,5.0,28.0,55.0,1342
0.5,271.0,california_housing,path_expansion,3,56,271,271,single_tree,5.0,28.0,55.0,271
1.0,271.0,california_housing,path_expansion,3,56,271,271,single_tree,5.0,28.0,55.0,271
2.0,271.0,california_housing,path_expansion,3,56,271,271,single_tree,5.0,28.0,55.0,271
5.0,271.0,california_housing,path_expansion,3,56,271,271,single_tree,5.0,28.0,55.0,271
10.0,271.0,california_housing,path_expansion,3,56,271,271,single_tree,5.0,28.0,55.0,271
20.0,271.0,california_housing,path_expansion,3,56,271,271,single_tree,5.0,28.0,55.0,271
50.0,271.0,california_housing,path_expansion,3,56,271,271,single_tree,5.0,28.0,55.0,271
100.0,271.0,california_housing,path_expansion,3,56,271,271,single_tree,5.0,28.0,55.0,271
,277.0,california_housing,mlp,3,25,277,277,single_tree,5.0,28.0,55.0,277
,0,california_housing,source_tree,0,58.8,0,0,ensemble_10,5.0,29.9,58.8,0
0.5,290.0,california_housing,coexplain_soft,30,598,877,2900,ensemble_10,5.0,29.9,58.8,2900
1.0,290.0,california_housing,coexplain_soft,30,598,877,2900,ensemble_10,5.0,29.9,58.8,2900
2.0,290.0,california_housing,coexplain_soft,30,598,961,2900,ensemble_10,5.0,29.9,58.8,2900
5.0,290.0,california_housing,coexplain_soft,30,598,1353,2900,ensemble_10,5.0,29.9,58.8,2900
10.0,290.0,california_housing,coexplain_soft,30,598,2074,2900,ensemble_10,5.0,29.9,58.8,2900
20.0,290.0,california_housing,coexplain_soft,30,598,2730,2900,ensemble_10,5.0,29.9,58.8,2900
50.0,290.0,california_housing,coexplain_soft,30,598,2900,2900,ensemble_10,5.0,29.9,58.8,2900
100.0,290.0,california_housing,coexplain_soft,30,598,2900,2900,ensemble_10,5.0,29.9,58.8,2900
0.5,290.0,california_housing,same_arch_random,30,598,2611,2900,ensemble_10,5.0,29.9,58.8,2900
1.0,290.0,california_housing,same_arch_random,30,598,2611,2900,ensemble_10,5.0,29.9,58.8,2900
2.0,290.0,california_housing,same_arch_random,30,598,2611,2900,ensemble_10,5.0,29.9,58.8,2900
5.0,290.0,california_housing,same_arch_random,30,598,2611,2900,ensemble_10,5.0,29.9,58.8,2900
10.0,290.0,california_housing,same_arch_random,30,598,2611,2900,ensemble_10,5.0,29.9,58.8,2900
20.0,290.0,california_housing,same_arch_random,30,598,2611,2900,ensemble_10,5.0,29.9,58.8,2900
50.0,290.0,california_housing,same_arch_random,30,598,2611,2900,ensemble_10,5.0,29.9,58.8,2900
100.0,290.0,california_housing,same_arch_random,30,598,2611,2900,ensemble_10,5.0,29.9,58.8,2900
,1416.8,california_housing,djinn,50,825,8024,14168,ensemble_10,5.0,29.9,58.8,14168
0.5,290.0,california_housing,path_expansion,30,598,2900,2900,ensemble_10,5.0,29.9,58.8,2900
1.0,290.0,california_housing,path_expansion,30,598,2900,2900,ensemble_10,5.0,29.9,58.8,2900
2.0,290.0,california_housing,path_expansion,30,598,2900,2900,ensemble_10,5.0,29.9,58.8,2900
5.0,290.0,california_housing,path_expansion,30,598,2900,2900,ensemble_10,5.0,29.9,58.8,2900
10.0,290.0,california_housing,path_expansion,30,598,2900,2900,ensemble_10,5.0,29.9,58.8,2900
20.0,290.0,california_housing,path_expansion,30,598,2900,2900,ensemble_10,5.0,29.9,58.8,2900
50.0,290.0,california_housing,path_expansion,30,598,2900,2900,ensemble_10,5.0,29.9,58.8,2900
100.0,290.0,california_housing,path_expansion,30,598,2900,2900,ensemble_10,5.0,29.9,58.8,2900
,313.0,california_housing,mlp,30,270,3130,3130,ensemble_10,5.0,29.9,58.8,3130
,0,california_housing,source_tree,0,57.0,0,0,single_tree,5.0,29.0,57.0,0
0.5,281.0,california_housing,coexplain_soft,3,58,85,281,single_tree,5.0,29.0,57.0,281
1.0,281.0,california_housing,coexplain_soft,3,58,85,281,single_tree,5.0,29.0,57.0,281
2.0,281.0,california_housing,coexplain_soft,3,58,106,281,single_tree,5.0,29.0,57.0,281
5.0,281.0,california_housing,coexplain_soft,3,58,120,281,single_tree,5.0,29.0,57.0,281
10.0,281.0,california_housing,coexplain_soft,3,58,225,281,single_tree,5.0,29.0,57.0,281
20.0,281.0,california_housing,coexplain_soft,3,58,281,281,single_tree,5.0,29.0,57.0,281
50.0,281.0,california_housing,coexplain_soft,3,58,281,281,single_tree,5.0,29.0,57.0,281
100.0,281.0,california_housing,coexplain_soft,3,58,281,281,single_tree,5.0,29.0,57.0,281
0.5,281.0,california_housing,same_arch_random,3,58,253,281,single_tree,5.0,29.0,57.0,281
1.0,281.0,california_housing,same_arch_random,3,58,253,281,single_tree,5.0,29.0,57.0,281
2.0,281.0,california_housing,same_arch_random,3,58,253,281,single_tree,5.0,29.0,57.0,281
5.0,281.0,california_housing,same_arch_random,3,58,253,281,single_tree,5.0,29.0,57.0,281
10.0,281.0,california_housing,same_arch_random,3,58,253,281,single_tree,5.0,29.0,57.0,281
20.0,281.0,california_housing,same_arch_random,3,58,253,281,single_tree,5.0,29.0,57.0,281
50.0,281.0,california_housing,same_arch_random,3,58,253,281,single_tree,5.0,29.0,57.0,281
100.0,281.0,california_housing,same_arch_random,3,58,253,281,single_tree,5.0,29.0,57.0,281
,1365.0,california_housing,djinn,5,81,746,1365,single_tree,5.0,29.0,57.0,1365
0.5,281.0,california_housing,path_expansion,3,58,281,281,single_tree,5.0,29.0,57.0,281
1.0,281.0,california_housing,path_expansion,3,58,281,281,single_tree,5.0,29.0,57.0,281
2.0,281.0,california_housing,path_expansion,3,58,281,281,single_tree,5.0,29.0,57.0,281
5.0,281.0,california_housing,path_expansion,3,58,281,281,single_tree,5.0,29.0,57.0,281
10.0,281.0,california_housing,path_expansion,3,58,281,281,single_tree,5.0,29.0,57.0,281
20.0,281.0,california_housing,path_expansion,3,58,281,281,single_tree,5.0,29.0,57.0,281
50.0,281.0,california_housing,path_expansion,3,58,281,281,single_tree,5.0,29.0,57.0,281
100.0,281.0,california_housing,path_expansion,3,58,281,281,single_tree,5.0,29.0,57.0,281
,277.0,california_housing,mlp,3,25,277,277,single_tree,5.0,29.0,57.0,277
,0,california_housing,source_tree,0,59.0,0,0,ensemble_10,5.0,30.0,59.0,0
0.5,291.0,california_housing,coexplain_soft,30,600,880,2910,ensemble_10,5.0,30.0,59.0,2910
1.0,291.0,california_housing,coexplain_soft,30,600,880,2910,ensemble_10,5.0,30.0,59.0,2910
2.0,291.0,california_housing,coexplain_soft,30,600,964,2910,ensemble_10,5.0,30.0,59.0,2910
5.0,291.0,california_housing,coexplain_soft,30,600,1377,2910,ensemble_10,5.0,30.0,59.0,2910
10.0,291.0,california_housing,coexplain_soft,30,600,2082,2910,ensemble_10,5.0,30.0,59.0,2910
20.0,291.0,california_housing,coexplain_soft,30,600,2727,2910,ensemble_10,5.0,30.0,59.0,2910
50.0,291.0,california_housing,coexplain_soft,30,600,2910,2910,ensemble_10,5.0,30.0,59.0,2910
100.0,291.0,california_housing,coexplain_soft,30,600,2910,2910,ensemble_10,5.0,30.0,59.0,2910
0.5,291.0,california_housing,same_arch_random,30,600,2620,2910,ensemble_10,5.0,30.0,59.0,2910
1.0,291.0,california_housing,same_arch_random,30,600,2620,2910,ensemble_10,5.0,30.0,59.0,2910
2.0,291.0,california_housing,same_arch_random,30,600,2620,2910,ensemble_10,5.0,30.0,59.0,2910
5.0,291.0,california_housing,same_arch_random,30,600,2620,2910,ensemble_10,5.0,30.0,59.0,2910
10.0,291.0,california_housing,same_arch_random,30,600,2620,2910,ensemble_10,5.0,30.0,59.0,2910
20.0,291.0,california_housing,same_arch_random,30,600,2620,2910,ensemble_10,5.0,30.0,59.0,2910
50.0,291.0,california_housing,same_arch_random,30,600,2620,2910,ensemble_10,5.0,30.0,59.0,2910
100.0,291.0,california_housing,same_arch_random,30,600,2620,2910,ensemble_10,5.0,30.0,59.0,2910
,1419.2,california_housing,djinn,50,826,7947,14192,ensemble_10,5.0,30.0,59.0,14192
0.5,291.0,california_housing,path_expansion,30,600,2910,2910,ensemble_10,5.0,30.0,59.0,2910
1.0,291.0,california_housing,path_expansion,30,600,2910,2910,ensemble_10,5.0,30.0,59.0,2910
2.0,291.0,california_housing,path_expansion,30,600,2910,2910,ensemble_10,5.0,30.0,59.0,2910
5.0,291.0,california_housing,path_expansion,30,600,2910,2910,ensemble_10,5.0,30.0,59.0,2910
10.0,291.0,california_housing,path_expansion,30,600,2910,2910,ensemble_10,5.0,30.0,59.0,2910
20.0,291.0,california_housing,path_expansion,30,600,2910,2910,ensemble_10,5.0,30.0,59.0,2910
50.0,291.0,california_housing,path_expansion,30,600,2910,2910,ensemble_10,5.0,30.0,59.0,2910
100.0,291.0,california_housing,path_expansion,30,600,2910,2910,ensemble_10,5.0,30.0,59.0,2910
,313.0,california_housing,mlp,30,270,3130,3130,ensemble_10,5.0,30.0,59.0,3130
,0,california_housing,source_tree,0,63.0,0,0,single_tree,5.0,32.0,63.0,0
0.5,311.0,california_housing,coexplain_soft,3,64,94,311,single_tree,5.0,32.0,63.0,311
1.0,311.0,california_housing,coexplain_soft,3,64,94,311,single_tree,5.0,32.0,63.0,311
2.0,311.0,california_housing,coexplain_soft,3,64,94,311,single_tree,5.0,32.0,63.0,311
5.0,311.0,california_housing,coexplain_soft,3,64,129,311,single_tree,5.0,32.0,63.0,311
10.0,311.0,california_housing,coexplain_soft,3,64,220,311,single_tree,5.0,32.0,63.0,311
20.0,311.0,california_housing,coexplain_soft,3,64,290,311,single_tree,5.0,32.0,63.0,311
50.0,311.0,california_housing,coexplain_soft,3,64,311,311,single_tree,5.0,32.0,63.0,311
100.0,311.0,california_housing,coexplain_soft,3,64,311,311,single_tree,5.0,32.0,63.0,311
0.5,311.0,california_housing,same_arch_random,3,64,280,311,single_tree,5.0,32.0,63.0,311
1.0,311.0,california_housing,same_arch_random,3,64,280,311,single_tree,5.0,32.0,63.0,311
2.0,311.0,california_housing,same_arch_random,3,64,280,311,single_tree,5.0,32.0,63.0,311
5.0,311.0,california_housing,same_arch_random,3,64,280,311,single_tree,5.0,32.0,63.0,311
10.0,311.0,california_housing,same_arch_random,3,64,280,311,single_tree,5.0,32.0,63.0,311
20.0,311.0,california_housing,same_arch_random,3,64,280,311,single_tree,5.0,32.0,63.0,311
50.0,311.0,california_housing,same_arch_random,3,64,280,311,single_tree,5.0,32.0,63.0,311
100.0,311.0,california_housing,same_arch_random,3,64,280,311,single_tree,5.0,32.0,63.0,311
,1487.0,california_housing,djinn,5,85,959,1487,single_tree,5.0,32.0,63.0,1487
0.5,311.0,california_housing,path_expansion,3,64,311,311,single_tree,5.0,32.0,63.0,311
1.0,311.0,california_housing,path_expansion,3,64,311,311,single_tree,5.0,32.0,63.0,311
2.0,311.0,california_housing,path_expansion,3,64,311,311,single_tree,5.0,32.0,63.0,311
5.0,311.0,california_housing,path_expansion,3,64,311,311,single_tree,5.0,32.0,63.0,311
10.0,311.0,california_housing,path_expansion,3,64,311,311,single_tree,5.0,32.0,63.0,311
20.0,311.0,california_housing,path_expansion,3,64,311,311,single_tree,5.0,32.0,63.0,311
50.0,311.0,california_housing,path_expansion,3,64,311,311,single_tree,5.0,32.0,63.0,311
100.0,311.0,california_housing,path_expansion,3,64,311,311,single_tree,5.0,32.0,63.0,311
,313.0,california_housing,mlp,3,27,313,313,single_tree,5.0,32.0,63.0,313
,0,california_housing,source_tree,0,61.4,0,0,ensemble_10,5.0,31.2,61.4,0
0.5,303.0,california_housing,coexplain_soft,30,624,916,3030,ensemble_10,5.0,31.2,61.4,3030
1.0,303.0,california_housing,coexplain_soft,30,624,916,3030,ensemble_10,5.0,31.2,61.4,3030
2.0,303.0,california_housing,coexplain_soft,30,624,916,3030,ensemble_10,5.0,31.2,61.4,3030
5.0,303.0,california_housing,coexplain_soft,30,624,1336,3030,ensemble_10,5.0,31.2,61.4,3030
10.0,303.0,california_housing,coexplain_soft,30,624,2225,3030,ensemble_10,5.0,31.2,61.4,3030
20.0,303.0,california_housing,coexplain_soft,30,624,2861,3030,ensemble_10,5.0,31.2,61.4,3030
50.0,303.0,california_housing,coexplain_soft,30,624,3016,3030,ensemble_10,5.0,31.2,61.4,3030
100.0,303.0,california_housing,coexplain_soft,30,624,3030,3030,ensemble_10,5.0,31.2,61.4,3030
0.5,303.0,california_housing,same_arch_random,30,624,2728,3030,ensemble_10,5.0,31.2,61.4,3030
1.0,303.0,california_housing,same_arch_random,30,624,2728,3030,ensemble_10,5.0,31.2,61.4,3030
2.0,303.0,california_housing,same_arch_random,30,624,2728,3030,ensemble_10,5.0,31.2,61.4,3030
5.0,303.0,california_housing,same_arch_random,30,624,2728,3030,ensemble_10,5.0,31.2,61.4,3030
10.0,303.0,california_housing,same_arch_random,30,624,2728,3030,ensemble_10,5.0,31.2,61.4,3030
20.0,303.0,california_housing,same_arch_random,30,624,2728,3030,ensemble_10,5.0,31.2,61.4,3030
50.0,303.0,california_housing,same_arch_random,30,624,2728,3030,ensemble_10,5.0,31.2,61.4,3030
100.0,303.0,california_housing,same_arch_random,30,624,2728,3030,ensemble_10,5.0,31.2,61.4,3030
,1462.9,california_housing,djinn,50,841,7869,14629,ensemble_10,5.0,31.2,61.4,14629
0.5,303.0,california_housing,path_expansion,30,624,3030,3030,ensemble_10,5.0,31.2,61.4,3030
1.0,303.0,california_housing,path_expansion,30,624,3030,3030,ensemble_10,5.0,31.2,61.4,3030
2.0,303.0,california_housing,path_expansion,30,624,3030,3030,ensemble_10,5.0,31.2,61.4,3030
5.0,303.0,california_housing,path_expansion,30,624,3030,3030,ensemble_10,5.0,31.2,61.4,3030
10.0,303.0,california_housing,path_expansion,30,624,3030,3030,ensemble_10,5.0,31.2,61.4,3030
20.0,303.0,california_housing,path_expansion,30,624,3030,3030,ensemble_10,5.0,31.2,61.4,3030
50.0,303.0,california_housing,path_expansion,30,624,3030,3030,ensemble_10,5.0,31.2,61.4,3030
100.0,303.0,california_housing,path_expansion,30,624,3030,3030,ensemble_10,5.0,31.2,61.4,3030
,313.0,california_housing,mlp,30,270,3130,3130,ensemble_10,5.0,31.2,61.4,3130
,0,california_housing,source_tree,0,57.0,0,0,single_tree,5.0,29.0,57.0,0
0.5,281.0,california_housing,coexplain_soft,3,58,85,281,single_tree,5.0,29.0,57.0,281
1.0,281.0,california_housing,coexplain_soft,3,58,85,281,single_tree,5.0,29.0,57.0,281
2.0,281.0,california_housing,coexplain_soft,3,58,106,281,single_tree,5.0,29.0,57.0,281
5.0,281.0,california_housing,coexplain_soft,3,58,148,281,single_tree,5.0,29.0,57.0,281
10.0,281.0,california_housing,coexplain_soft,3,58,186,281,single_tree,5.0,29.0,57.0,281
20.0,281.0,california_housing,coexplain_soft,3,58,260,281,single_tree,5.0,29.0,57.0,281
50.0,281.0,california_housing,coexplain_soft,3,58,281,281,single_tree,5.0,29.0,57.0,281
100.0,281.0,california_housing,coexplain_soft,3,58,281,281,single_tree,5.0,29.0,57.0,281
0.5,281.0,california_housing,same_arch_random,3,58,253,281,single_tree,5.0,29.0,57.0,281
1.0,281.0,california_housing,same_arch_random,3,58,253,281,single_tree,5.0,29.0,57.0,281
2.0,281.0,california_housing,same_arch_random,3,58,253,281,single_tree,5.0,29.0,57.0,281
5.0,281.0,california_housing,same_arch_random,3,58,253,281,single_tree,5.0,29.0,57.0,281
10.0,281.0,california_housing,same_arch_random,3,58,253,281,single_tree,5.0,29.0,57.0,281
20.0,281.0,california_housing,same_arch_random,3,58,253,281,single_tree,5.0,29.0,57.0,281
50.0,281.0,california_housing,same_arch_random,3,58,253,281,single_tree,5.0,29.0,57.0,281
100.0,281.0,california_housing,same_arch_random,3,58,253,281,single_tree,5.0,29.0,57.0,281
,1365.0,california_housing,djinn,5,81,721,1365,single_tree,5.0,29.0,57.0,1365
0.5,281.0,california_housing,path_expansion,3,58,281,281,single_tree,5.0,29.0,57.0,281
1.0,281.0,california_housing,path_expansion,3,58,281,281,single_tree,5.0,29.0,57.0,281
2.0,281.0,california_housing,path_expansion,3,58,281,281,single_tree,5.0,29.0,57.0,281
5.0,281.0,california_housing,path_expansion,3,58,281,281,single_tree,5.0,29.0,57.0,281
10.0,281.0,california_housing,path_expansion,3,58,281,281,single_tree,5.0,29.0,57.0,281
20.0,281.0,california_housing,path_expansion,3,58,281,281,single_tree,5.0,29.0,57.0,281
50.0,281.0,california_housing,path_expansion,3,58,281,281,single_tree,5.0,29.0,57.0,281
100.0,281.0,california_housing,path_expansion,3,58,281,281,single_tree,5.0,29.0,57.0,281
,277.0,california_housing,mlp,3,25,277,277,single_tree,5.0,29.0,57.0,277
,0,california_housing,source_tree,0,59.4,0,0,ensemble_10,5.0,30.2,59.4,0
0.5,293.0,california_housing,coexplain_soft,30,604,886,2930,ensemble_10,5.0,30.2,59.4,2930
1.0,293.0,california_housing,coexplain_soft,30,604,886,2930,ensemble_10,5.0,30.2,59.4,2930
2.0,293.0,california_housing,coexplain_soft,30,604,970,2930,ensemble_10,5.0,30.2,59.4,2930
5.0,293.0,california_housing,coexplain_soft,30,604,1432,2930,ensemble_10,5.0,30.2,59.4,2930
10.0,293.0,california_housing,coexplain_soft,30,604,2131,2930,ensemble_10,5.0,30.2,59.4,2930
20.0,293.0,california_housing,coexplain_soft,30,604,2670,2930,ensemble_10,5.0,30.2,59.4,2930
50.0,293.0,california_housing,coexplain_soft,30,604,2930,2930,ensemble_10,5.0,30.2,59.4,2930
100.0,293.0,california_housing,coexplain_soft,30,604,2930,2930,ensemble_10,5.0,30.2,59.4,2930
0.5,293.0,california_housing,same_arch_random,30,604,2638,2930,ensemble_10,5.0,30.2,59.4,2930
1.0,293.0,california_housing,same_arch_random,30,604,2638,2930,ensemble_10,5.0,30.2,59.4,2930
2.0,293.0,california_housing,same_arch_random,30,604,2638,2930,ensemble_10,5.0,30.2,59.4,2930
5.0,293.0,california_housing,same_arch_random,30,604,2638,2930,ensemble_10,5.0,30.2,59.4,2930
10.0,293.0,california_housing,same_arch_random,30,604,2638,2930,ensemble_10,5.0,30.2,59.4,2930
20.0,293.0,california_housing,same_arch_random,30,604,2638,2930,ensemble_10,5.0,30.2,59.4,2930
50.0,293.0,california_housing,same_arch_random,30,604,2638,2930,ensemble_10,5.0,30.2,59.4,2930
100.0,293.0,california_housing,same_arch_random,30,604,2638,2930,ensemble_10,5.0,30.2,59.4,2930
,1423.8,california_housing,djinn,50,828,7720,14238,ensemble_10,5.0,30.2,59.4,14238
0.5,293.0,california_housing,path_expansion,30,604,2930,2930,ensemble_10,5.0,30.2,59.4,2930
1.0,293.0,california_housing,path_expansion,30,604,2930,2930,ensemble_10,5.0,30.2,59.4,2930
2.0,293.0,california_housing,path_expansion,30,604,2930,2930,ensemble_10,5.0,30.2,59.4,2930
5.0,293.0,california_housing,path_expansion,30,604,2930,2930,ensemble_10,5.0,30.2,59.4,2930
10.0,293.0,california_housing,path_expansion,30,604,2930,2930,ensemble_10,5.0,30.2,59.4,2930
20.0,293.0,california_housing,path_expansion,30,604,2930,2930,ensemble_10,5.0,30.2,59.4,2930
50.0,293.0,california_housing,path_expansion,30,604,2930,2930,ensemble_10,5.0,30.2,59.4,2930
100.0,293.0,california_housing,path_expansion,30,604,2930,2930,ensemble_10,5.0,30.2,59.4,2930
,277.0,california_housing,mlp,30,250,2770,2770,ensemble_10,5.0,30.2,59.4,2770
,0,wine,source_tree,0,11.0,0,0,single_tree,3.0,6.0,11.0,0
0.5,88.0,wine,coexplain_soft,3,14,50,88,single_tree,3.0,6.0,11.0,88
1.0,88.0,wine,coexplain_soft,3,14,50,88,single_tree,3.0,6.0,11.0,88
2.0,88.0,wine,coexplain_soft,3,14,87,88,single_tree,3.0,6.0,11.0,88
5.0,88.0,wine,coexplain_soft,3,14,87,88,single_tree,3.0,6.0,11.0,88
10.0,88.0,wine,coexplain_soft,3,14,88,88,single_tree,3.0,6.0,11.0,88
20.0,88.0,wine,coexplain_soft,3,14,88,88,single_tree,3.0,6.0,11.0,88
50.0,88.0,wine,coexplain_soft,3,14,88,88,single_tree,3.0,6.0,11.0,88
100.0,88.0,wine,coexplain_soft,3,14,88,88,single_tree,3.0,6.0,11.0,88
0.5,88.0,wine,same_arch_random,3,14,87,88,single_tree,3.0,6.0,11.0,88
1.0,88.0,wine,same_arch_random,3,14,87,88,single_tree,3.0,6.0,11.0,88
2.0,88.0,wine,same_arch_random,3,14,87,88,single_tree,3.0,6.0,11.0,88
5.0,88.0,wine,same_arch_random,3,14,87,88,single_tree,3.0,6.0,11.0,88
10.0,88.0,wine,same_arch_random,3,14,87,88,single_tree,3.0,6.0,11.0,88
20.0,88.0,wine,same_arch_random,3,14,87,88,single_tree,3.0,6.0,11.0,88
50.0,88.0,wine,same_arch_random,3,14,87,88,single_tree,3.0,6.0,11.0,88
100.0,88.0,wine,same_arch_random,3,14,87,88,single_tree,3.0,6.0,11.0,88
,536.0,wine,djinn,3,35,326,536,single_tree,3.0,6.0,11.0,536
0.5,88.0,wine,path_expansion,3,14,88,88,single_tree,3.0,6.0,11.0,88
1.0,88.0,wine,path_expansion,3,14,88,88,single_tree,3.0,6.0,11.0,88
2.0,88.0,wine,path_expansion,3,14,88,88,single_tree,3.0,6.0,11.0,88
5.0,88.0,wine,path_expansion,3,14,88,88,single_tree,3.0,6.0,11.0,88
10.0,88.0,wine,path_expansion,3,14,88,88,single_tree,3.0,6.0,11.0,88
20.0,88.0,wine,path_expansion,3,14,88,88,single_tree,3.0,6.0,11.0,88
50.0,88.0,wine,path_expansion,3,14,88,88,single_tree,3.0,6.0,11.0,88
100.0,88.0,wine,path_expansion,3,14,88,88,single_tree,3.0,6.0,11.0,88
,91.0,wine,mlp,3,11,91,91,single_tree,3.0,6.0,11.0,91
,0,wine,source_tree,0,12.4,0,0,ensemble_10,3.0,6.7,12.4,0
0.5,99.9,wine,coexplain_soft,30,154,512,999,ensemble_10,3.0,6.7,12.4,999
1.0,99.9,wine,coexplain_soft,30,154,512,999,ensemble_10,3.0,6.7,12.4,999
2.0,99.9,wine,coexplain_soft,30,154,835,999,ensemble_10,3.0,6.7,12.4,999
5.0,99.9,wine,coexplain_soft,30,154,997,999,ensemble_10,3.0,6.7,12.4,999
10.0,99.9,wine,coexplain_soft,30,154,999,999,ensemble_10,3.0,6.7,12.4,999
20.0,99.9,wine,coexplain_soft,30,154,999,999,ensemble_10,3.0,6.7,12.4,999
50.0,99.9,wine,coexplain_soft,30,154,999,999,ensemble_10,3.0,6.7,12.4,999
100.0,99.9,wine,coexplain_soft,30,154,999,999,ensemble_10,3.0,6.7,12.4,999
0.5,99.9,wine,same_arch_random,30,154,980,999,ensemble_10,3.0,6.7,12.4,999
1.0,99.9,wine,same_arch_random,30,154,980,999,ensemble_10,3.0,6.7,12.4,999
2.0,99.9,wine,same_arch_random,30,154,980,999,ensemble_10,3.0,6.7,12.4,999
5.0,99.9,wine,same_arch_random,30,154,980,999,ensemble_10,3.0,6.7,12.4,999
10.0,99.9,wine,same_arch_random,30,154,980,999,ensemble_10,3.0,6.7,12.4,999
20.0,99.9,wine,same_arch_random,30,154,980,999,ensemble_10,3.0,6.7,12.4,999
50.0,99.9,wine,same_arch_random,30,154,980,999,ensemble_10,3.0,6.7,12.4,999
100.0,99.9,wine,same_arch_random,30,154,980,999,ensemble_10,3.0,6.7,12.4,999
,549.3,wine,djinn,30,357,2805,5493,ensemble_10,3.0,6.7,12.4,5493
0.5,99.9,wine,path_expansion,30,154,999,999,ensemble_10,3.0,6.7,12.4,999
1.0,99.9,wine,path_expansion,30,154,999,999,ensemble_10,3.0,6.7,12.4,999
2.0,99.9,wine,path_expansion,30,154,999,999,ensemble_10,3.0,6.7,12.4,999
5.0,99.9,wine,path_expansion,30,154,999,999,ensemble_10,3.0,6.7,12.4,999
10.0,99.9,wine,path_expansion,30,154,999,999,ensemble_10,3.0,6.7,12.4,999
20.0,99.9,wine,path_expansion,30,154,999,999,ensemble_10,3.0,6.7,12.4,999
50.0,99.9,wine,path_expansion,30,154,999,999,ensemble_10,3.0,6.7,12.4,999
100.0,99.9,wine,path_expansion,30,154,999,999,ensemble_10,3.0,6.7,12.4,999
,118.0,wine,mlp,30,130,1180,1180,ensemble_10,3.0,6.7,12.4,1180
,0,wine,source_tree,0,15.0,0,0,single_tree,3.0,8.0,15.0,0
0.5,122.0,wine,coexplain_soft,3,18,33,122,single_tree,3.0,8.0,15.0,122
1.0,122.0,wine,coexplain_soft,3,18,33,122,single_tree,3.0,8.0,15.0,122
2.0,122.0,wine,coexplain_soft,3,18,70,122,single_tree,3.0,8.0,15.0,122
5.0,122.0,wine,coexplain_soft,3,18,121,122,single_tree,3.0,8.0,15.0,122
10.0,122.0,wine,coexplain_soft,3,18,122,122,single_tree,3.0,8.0,15.0,122
20.0,122.0,wine,coexplain_soft,3,18,122,122,single_tree,3.0,8.0,15.0,122
50.0,122.0,wine,coexplain_soft,3,18,122,122,single_tree,3.0,8.0,15.0,122
100.0,122.0,wine,coexplain_soft,3,18,122,122,single_tree,3.0,8.0,15.0,122
0.5,122.0,wine,same_arch_random,3,18,115,122,single_tree,3.0,8.0,15.0,122
1.0,122.0,wine,same_arch_random,3,18,115,122,single_tree,3.0,8.0,15.0,122
2.0,122.0,wine,same_arch_random,3,18,115,122,single_tree,3.0,8.0,15.0,122
5.0,122.0,wine,same_arch_random,3,18,115,122,single_tree,3.0,8.0,15.0,122
10.0,122.0,wine,same_arch_random,3,18,115,122,single_tree,3.0,8.0,15.0,122
20.0,122.0,wine,same_arch_random,3,18,115,122,single_tree,3.0,8.0,15.0,122
50.0,122.0,wine,same_arch_random,3,18,115,122,single_tree,3.0,8.0,15.0,122
100.0,122.0,wine,same_arch_random,3,18,115,122,single_tree,3.0,8.0,15.0,122
,574.0,wine,djinn,3,37,306,574,single_tree,3.0,8.0,15.0,574
0.5,122.0,wine,path_expansion,3,18,122,122,single_tree,3.0,8.0,15.0,122
1.0,122.0,wine,path_expansion,3,18,122,122,single_tree,3.0,8.0,15.0,122
2.0,122.0,wine,path_expansion,3,18,122,122,single_tree,3.0,8.0,15.0,122
5.0,122.0,wine,path_expansion,3,18,122,122,single_tree,3.0,8.0,15.0,122
10.0,122.0,wine,path_expansion,3,18,122,122,single_tree,3.0,8.0,15.0,122
20.0,122.0,wine,path_expansion,3,18,122,122,single_tree,3.0,8.0,15.0,122
50.0,122.0,wine,path_expansion,3,18,122,122,single_tree,3.0,8.0,15.0,122
100.0,122.0,wine,path_expansion,3,18,122,122,single_tree,3.0,8.0,15.0,122
,118.0,wine,mlp,3,13,118,118,single_tree,3.0,8.0,15.0,118
,0,wine,source_tree,0,12.0,0,0,ensemble_10,3.0,6.5,12.0,0
0.5,96.5,wine,coexplain_soft,30,150,541,965,ensemble_10,3.0,6.5,12.0,965
1.0,96.5,wine,coexplain_soft,30,150,555,965,ensemble_10,3.0,6.5,12.0,965
2.0,96.5,wine,coexplain_soft,30,150,826,965,ensemble_10,3.0,6.5,12.0,965
5.0,96.5,wine,coexplain_soft,30,150,962,965,ensemble_10,3.0,6.5,12.0,965
10.0,96.5,wine,coexplain_soft,30,150,964,965,ensemble_10,3.0,6.5,12.0,965
20.0,96.5,wine,coexplain_soft,30,150,964,965,ensemble_10,3.0,6.5,12.0,965
50.0,96.5,wine,coexplain_soft,30,150,964,965,ensemble_10,3.0,6.5,12.0,965
100.0,96.5,wine,coexplain_soft,30,150,964,965,ensemble_10,3.0,6.5,12.0,965
0.5,96.5,wine,same_arch_random,30,150,950,965,ensemble_10,3.0,6.5,12.0,965
1.0,96.5,wine,same_arch_random,30,150,950,965,ensemble_10,3.0,6.5,12.0,965
2.0,96.5,wine,same_arch_random,30,150,950,965,ensemble_10,3.0,6.5,12.0,965
5.0,96.5,wine,same_arch_random,30,150,950,965,ensemble_10,3.0,6.5,12.0,965
10.0,96.5,wine,same_arch_random,30,150,950,965,ensemble_10,3.0,6.5,12.0,965
20.0,96.5,wine,same_arch_random,30,150,950,965,ensemble_10,3.0,6.5,12.0,965
50.0,96.5,wine,same_arch_random,30,150,950,965,ensemble_10,3.0,6.5,12.0,965
100.0,96.5,wine,same_arch_random,30,150,950,965,ensemble_10,3.0,6.5,12.0,965
,539.5,wine,djinn,30,353,2600,5395,ensemble_10,3.0,6.5,12.0,5395
0.5,96.5,wine,path_expansion,30,150,965,965,ensemble_10,3.0,6.5,12.0,965
1.0,96.5,wine,path_expansion,30,150,965,965,ensemble_10,3.0,6.5,12.0,965
2.0,96.5,wine,path_expansion,30,150,965,965,ensemble_10,3.0,6.5,12.0,965
5.0,96.5,wine,path_expansion,30,150,965,965,ensemble_10,3.0,6.5,12.0,965
10.0,96.5,wine,path_expansion,30,150,965,965,ensemble_10,3.0,6.5,12.0,965
20.0,96.5,wine,path_expansion,30,150,965,965,ensemble_10,3.0,6.5,12.0,965
50.0,96.5,wine,path_expansion,30,150,965,965,ensemble_10,3.0,6.5,12.0,965
100.0,96.5,wine,path_expansion,30,150,965,965,ensemble_10,3.0,6.5,12.0,965
,91.0,wine,mlp,30,110,910,910,ensemble_10,3.0,6.5,12.0,910
,0,wine,source_tree,0,13.0,0,0,single_tree,3.0,7.0,13.0,0
0.5,105.0,wine,coexplain_soft,3,16,51,105,single_tree,3.0,7.0,13.0,105
1.0,105.0,wine,coexplain_soft,3,16,51,105,single_tree,3.0,7.0,13.0,105
2.0,105.0,wine,coexplain_soft,3,16,89,105,single_tree,3.0,7.0,13.0,105
5.0,105.0,wine,coexplain_soft,3,16,91,105,single_tree,3.0,7.0,13.0,105
10.0,105.0,wine,coexplain_soft,3,16,105,105,single_tree,3.0,7.0,13.0,105
20.0,105.0,wine,coexplain_soft,3,16,105,105,single_tree,3.0,7.0,13.0,105
50.0,105.0,wine,coexplain_soft,3,16,105,105,single_tree,3.0,7.0,13.0,105
100.0,105.0,wine,coexplain_soft,3,16,105,105,single_tree,3.0,7.0,13.0,105
0.5,105.0,wine,same_arch_random,3,16,101,105,single_tree,3.0,7.0,13.0,105
1.0,105.0,wine,same_arch_random,3,16,101,105,single_tree,3.0,7.0,13.0,105
2.0,105.0,wine,same_arch_random,3,16,101,105,single_tree,3.0,7.0,13.0,105
5.0,105.0,wine,same_arch_random,3,16,101,105,single_tree,3.0,7.0,13.0,105
10.0,105.0,wine,same_arch_random,3,16,101,105,single_tree,3.0,7.0,13.0,105
20.0,105.0,wine,same_arch_random,3,16,101,105,single_tree,3.0,7.0,13.0,105
50.0,105.0,wine,same_arch_random,3,16,101,105,single_tree,3.0,7.0,13.0,105
100.0,105.0,wine,same_arch_random,3,16,101,105,single_tree,3.0,7.0,13.0,105
,555.0,wine,djinn,3,36,254,555,single_tree,3.0,7.0,13.0,555
0.5,105.0,wine,path_expansion,3,16,105,105,single_tree,3.0,7.0,13.0,105
1.0,105.0,wine,path_expansion,3,16,105,105,single_tree,3.0,7.0,13.0,105
2.0,105.0,wine,path_expansion,3,16,105,105,single_tree,3.0,7.0,13.0,105
5.0,105.0,wine,path_expansion,3,16,105,105,single_tree,3.0,7.0,13.0,105
10.0,105.0,wine,path_expansion,3,16,105,105,single_tree,3.0,7.0,13.0,105
20.0,105.0,wine,path_expansion,3,16,105,105,single_tree,3.0,7.0,13.0,105
50.0,105.0,wine,path_expansion,3,16,105,105,single_tree,3.0,7.0,13.0,105
100.0,105.0,wine,path_expansion,3,16,105,105,single_tree,3.0,7.0,13.0,105
,118.0,wine,mlp,3,13,118,118,single_tree,3.0,7.0,13.0,118
,0,wine,source_tree,0,11.6,0,0,ensemble_10,3.0,6.3,11.6,0
0.5,93.1,wine,coexplain_soft,30,146,534,931,ensemble_10,3.0,6.3,11.6,931
1.0,93.1,wine,coexplain_soft,30,146,534,931,ensemble_10,3.0,6.3,11.6,931
2.0,93.1,wine,coexplain_soft,30,146,847,931,ensemble_10,3.0,6.3,11.6,931
5.0,93.1,wine,coexplain_soft,30,146,929,931,ensemble_10,3.0,6.3,11.6,931
10.0,93.1,wine,coexplain_soft,30,146,931,931,ensemble_10,3.0,6.3,11.6,931
20.0,93.1,wine,coexplain_soft,30,146,931,931,ensemble_10,3.0,6.3,11.6,931
50.0,93.1,wine,coexplain_soft,30,146,931,931,ensemble_10,3.0,6.3,11.6,931
100.0,93.1,wine,coexplain_soft,30,146,931,931,ensemble_10,3.0,6.3,11.6,931
0.5,93.1,wine,same_arch_random,30,146,909,931,ensemble_10,3.0,6.3,11.6,931
1.0,93.1,wine,same_arch_random,30,146,909,931,ensemble_10,3.0,6.3,11.6,931
2.0,93.1,wine,same_arch_random,30,146,909,931,ensemble_10,3.0,6.3,11.6,931
5.0,93.1,wine,same_arch_random,30,146,909,931,ensemble_10,3.0,6.3,11.6,931
10.0,93.1,wine,same_arch_random,30,146,909,931,ensemble_10,3.0,6.3,11.6,931
20.0,93.1,wine,same_arch_random,30,146,909,931,ensemble_10,3.0,6.3,11.6,931
50.0,93.1,wine,same_arch_random,30,146,909,931,ensemble_10,3.0,6.3,11.6,931
100.0,93.1,wine,same_arch_random,30,146,909,931,ensemble_10,3.0,6.3,11.6,931
,532.7,wine,djinn,30,350,2585,5327,ensemble_10,3.0,6.3,11.6,5327
0.5,93.1,wine,path_expansion,30,146,931,931,ensemble_10,3.0,6.3,11.6,931
1.0,93.1,wine,path_expansion,30,146,931,931,ensemble_10,3.0,6.3,11.6,931
2.0,93.1,wine,path_expansion,30,146,931,931,ensemble_10,3.0,6.3,11.6,931
5.0,93.1,wine,path_expansion,30,146,931,931,ensemble_10,3.0,6.3,11.6,931
10.0,93.1,wine,path_expansion,30,146,931,931,ensemble_10,3.0,6.3,11.6,931
20.0,93.1,wine,path_expansion,30,146,931,931,ensemble_10,3.0,6.3,11.6,931
50.0,93.1,wine,path_expansion,30,146,931,931,ensemble_10,3.0,6.3,11.6,931
100.0,93.1,wine,path_expansion,30,146,931,931,ensemble_10,3.0,6.3,11.6,931
,118.0,wine,mlp,30,130,1180,1180,ensemble_10,3.0,6.3,11.6,1180
,0,wine,source_tree,0,15.0,0,0,single_tree,3.0,8.0,15.0,0
0.5,122.0,wine,coexplain_soft,3,18,31,122,single_tree,3.0,8.0,15.0,122
1.0,122.0,wine,coexplain_soft,3,18,31,122,single_tree,3.0,8.0,15.0,122
2.0,122.0,wine,coexplain_soft,3,18,68,122,single_tree,3.0,8.0,15.0,122
5.0,122.0,wine,coexplain_soft,3,18,122,122,single_tree,3.0,8.0,15.0,122
10.0,122.0,wine,coexplain_soft,3,18,122,122,single_tree,3.0,8.0,15.0,122
20.0,122.0,wine,coexplain_soft,3,18,122,122,single_tree,3.0,8.0,15.0,122
50.0,122.0,wine,coexplain_soft,3,18,122,122,single_tree,3.0,8.0,15.0,122
100.0,122.0,wine,coexplain_soft,3,18,122,122,single_tree,3.0,8.0,15.0,122
0.5,122.0,wine,same_arch_random,3,18,119,122,single_tree,3.0,8.0,15.0,122
1.0,122.0,wine,same_arch_random,3,18,119,122,single_tree,3.0,8.0,15.0,122
2.0,122.0,wine,same_arch_random,3,18,119,122,single_tree,3.0,8.0,15.0,122
5.0,122.0,wine,same_arch_random,3,18,119,122,single_tree,3.0,8.0,15.0,122
10.0,122.0,wine,same_arch_random,3,18,119,122,single_tree,3.0,8.0,15.0,122
20.0,122.0,wine,same_arch_random,3,18,119,122,single_tree,3.0,8.0,15.0,122
50.0,122.0,wine,same_arch_random,3,18,119,122,single_tree,3.0,8.0,15.0,122
100.0,122.0,wine,same_arch_random,3,18,119,122,single_tree,3.0,8.0,15.0,122
,574.0,wine,djinn,3,37,383,574,single_tree,3.0,8.0,15.0,574
0.5,122.0,wine,path_expansion,3,18,122,122,single_tree,3.0,8.0,15.0,122
1.0,122.0,wine,path_expansion,3,18,122,122,single_tree,3.0,8.0,15.0,122
2.0,122.0,wine,path_expansion,3,18,122,122,single_tree,3.0,8.0,15.0,122
5.0,122.0,wine,path_expansion,3,18,122,122,single_tree,3.0,8.0,15.0,122
10.0,122.0,wine,path_expansion,3,18,122,122,single_tree,3.0,8.0,15.0,122
20.0,122.0,wine,path_expansion,3,18,122,122,single_tree,3.0,8.0,15.0,122
50.0,122.0,wine,path_expansion,3,18,122,122,single_tree,3.0,8.0,15.0,122
100.0,122.0,wine,path_expansion,3,18,122,122,single_tree,3.0,8.0,15.0,122
,118.0,wine,mlp,3,13,118,118,single_tree,3.0,8.0,15.0,118
,0,wine,source_tree,0,12.0,0,0,ensemble_10,3.0,6.5,12.0,0
0.5,96.5,wine,coexplain_soft,30,150,559,965,ensemble_10,3.0,6.5,12.0,965
1.0,96.5,wine,coexplain_soft,30,150,550,965,ensemble_10,3.0,6.5,12.0,965
2.0,96.5,wine,coexplain_soft,30,150,840,965,ensemble_10,3.0,6.5,12.0,965
5.0,96.5,wine,coexplain_soft,30,150,949,965,ensemble_10,3.0,6.5,12.0,965
10.0,96.5,wine,coexplain_soft,30,150,964,965,ensemble_10,3.0,6.5,12.0,965
20.0,96.5,wine,coexplain_soft,30,150,964,965,ensemble_10,3.0,6.5,12.0,965
50.0,96.5,wine,coexplain_soft,30,150,964,965,ensemble_10,3.0,6.5,12.0,965
100.0,96.5,wine,coexplain_soft,30,150,964,965,ensemble_10,3.0,6.5,12.0,965
0.5,96.5,wine,same_arch_random,30,150,950,965,ensemble_10,3.0,6.5,12.0,965
1.0,96.5,wine,same_arch_random,30,150,950,965,ensemble_10,3.0,6.5,12.0,965
2.0,96.5,wine,same_arch_random,30,150,950,965,ensemble_10,3.0,6.5,12.0,965
5.0,96.5,wine,same_arch_random,30,150,950,965,ensemble_10,3.0,6.5,12.0,965
10.0,96.5,wine,same_arch_random,30,150,950,965,ensemble_10,3.0,6.5,12.0,965
20.0,96.5,wine,same_arch_random,30,150,950,965,ensemble_10,3.0,6.5,12.0,965
50.0,96.5,wine,same_arch_random,30,150,950,965,ensemble_10,3.0,6.5,12.0,965
100.0,96.5,wine,same_arch_random,30,150,950,965,ensemble_10,3.0,6.5,12.0,965
,542.5,wine,djinn,30,354,2780,5425,ensemble_10,3.0,6.5,12.0,5425
0.5,96.5,wine,path_expansion,30,150,965,965,ensemble_10,3.0,6.5,12.0,965
1.0,96.5,wine,path_expansion,30,150,965,965,ensemble_10,3.0,6.5,12.0,965
2.0,96.5,wine,path_expansion,30,150,965,965,ensemble_10,3.0,6.5,12.0,965
5.0,96.5,wine,path_expansion,30,150,965,965,ensemble_10,3.0,6.5,12.0,965
10.0,96.5,wine,path_expansion,30,150,965,965,ensemble_10,3.0,6.5,12.0,965
20.0,96.5,wine,path_expansion,30,150,965,965,ensemble_10,3.0,6.5,12.0,965
50.0,96.5,wine,path_expansion,30,150,965,965,ensemble_10,3.0,6.5,12.0,965
100.0,96.5,wine,path_expansion,30,150,965,965,ensemble_10,3.0,6.5,12.0,965
,91.0,wine,mlp,30,110,910,910,ensemble_10,3.0,6.5,12.0,910
,0,wine,source_tree,0,9.0,0,0,single_tree,3.0,5.0,9.0,0
0.5,71.0,wine,coexplain_soft,3,12,70,71,single_tree,3.0,5.0,9.0,71
1.0,71.0,wine,coexplain_soft,3,12,70,71,single_tree,3.0,5.0,9.0,71
2.0,71.0,wine,coexplain_soft,3,12,70,71,single_tree,3.0,5.0,9.0,71
5.0,71.0,wine,coexplain_soft,3,12,71,71,single_tree,3.0,5.0,9.0,71
10.0,71.0,wine,coexplain_soft,3,12,71,71,single_tree,3.0,5.0,9.0,71
20.0,71.0,wine,coexplain_soft,3,12,71,71,single_tree,3.0,5.0,9.0,71
50.0,71.0,wine,coexplain_soft,3,12,71,71,single_tree,3.0,5.0,9.0,71
100.0,71.0,wine,coexplain_soft,3,12,71,71,single_tree,3.0,5.0,9.0,71
0.5,71.0,wine,same_arch_random,3,12,71,71,single_tree,3.0,5.0,9.0,71
1.0,71.0,wine,same_arch_random,3,12,71,71,single_tree,3.0,5.0,9.0,71
2.0,71.0,wine,same_arch_random,3,12,71,71,single_tree,3.0,5.0,9.0,71
5.0,71.0,wine,same_arch_random,3,12,71,71,single_tree,3.0,5.0,9.0,71
10.0,71.0,wine,same_arch_random,3,12,71,71,single_tree,3.0,5.0,9.0,71
20.0,71.0,wine,same_arch_random,3,12,71,71,single_tree,3.0,5.0,9.0,71
50.0,71.0,wine,same_arch_random,3,12,71,71,single_tree,3.0,5.0,9.0,71
100.0,71.0,wine,same_arch_random,3,12,71,71,single_tree,3.0,5.0,9.0,71
,487.0,wine,djinn,3,33,302,487,single_tree,3.0,5.0,9.0,487
0.5,71.0,wine,path_expansion,3,12,71,71,single_tree,3.0,5.0,9.0,71
1.0,71.0,wine,path_expansion,3,12,71,71,single_tree,3.0,5.0,9.0,71
2.0,71.0,wine,path_expansion,3,12,71,71,single_tree,3.0,5.0,9.0,71
5.0,71.0,wine,path_expansion,3,12,71,71,single_tree,3.0,5.0,9.0,71
10.0,71.0,wine,path_expansion,3,12,71,71,single_tree,3.0,5.0,9.0,71
20.0,71.0,wine,path_expansion,3,12,71,71,single_tree,3.0,5.0,9.0,71
50.0,71.0,wine,path_expansion,3,12,71,71,single_tree,3.0,5.0,9.0,71
100.0,71.0,wine,path_expansion,3,12,71,71,single_tree,3.0,5.0,9.0,71
,66.0,wine,mlp,3,9,66,66,single_tree,3.0,5.0,9.0,66
,0,wine,source_tree,0,11.2,0,0,ensemble_10,3.0,6.1,11.2,0
0.5,89.7,wine,coexplain_soft,30,142,576,897,ensemble_10,3.0,6.1,11.2,897
1.0,89.7,wine,coexplain_soft,30,142,563,897,ensemble_10,3.0,6.1,11.2,897
2.0,89.7,wine,coexplain_soft,30,142,823,897,ensemble_10,3.0,6.1,11.2,897
5.0,89.7,wine,coexplain_soft,30,142,894,897,ensemble_10,3.0,6.1,11.2,897
10.0,89.7,wine,coexplain_soft,30,142,897,897,ensemble_10,3.0,6.1,11.2,897
20.0,89.7,wine,coexplain_soft,30,142,897,897,ensemble_10,3.0,6.1,11.2,897
50.0,89.7,wine,coexplain_soft,30,142,897,897,ensemble_10,3.0,6.1,11.2,897
100.0,89.7,wine,coexplain_soft,30,142,897,897,ensemble_10,3.0,6.1,11.2,897
0.5,89.7,wine,same_arch_random,30,142,884,897,ensemble_10,3.0,6.1,11.2,897
1.0,89.7,wine,same_arch_random,30,142,884,897,ensemble_10,3.0,6.1,11.2,897
2.0,89.7,wine,same_arch_random,30,142,884,897,ensemble_10,3.0,6.1,11.2,897
5.0,89.7,wine,same_arch_random,30,142,884,897,ensemble_10,3.0,6.1,11.2,897
10.0,89.7,wine,same_arch_random,30,142,884,897,ensemble_10,3.0,6.1,11.2,897
20.0,89.7,wine,same_arch_random,30,142,884,897,ensemble_10,3.0,6.1,11.2,897
50.0,89.7,wine,same_arch_random,30,142,884,897,ensemble_10,3.0,6.1,11.2,897
100.0,89.7,wine,same_arch_random,30,142,884,897,ensemble_10,3.0,6.1,11.2,897
,534.9,wine,djinn,30,350,2706,5349,ensemble_10,3.0,6.1,11.2,5349
0.5,89.7,wine,path_expansion,30,142,897,897,ensemble_10,3.0,6.1,11.2,897
1.0,89.7,wine,path_expansion,30,142,897,897,ensemble_10,3.0,6.1,11.2,897
2.0,89.7,wine,path_expansion,30,142,897,897,ensemble_10,3.0,6.1,11.2,897
5.0,89.7,wine,path_expansion,30,142,897,897,ensemble_10,3.0,6.1,11.2,897
10.0,89.7,wine,path_expansion,30,142,897,897,ensemble_10,3.0,6.1,11.2,897
20.0,89.7,wine,path_expansion,30,142,897,897,ensemble_10,3.0,6.1,11.2,897
50.0,89.7,wine,path_expansion,30,142,897,897,ensemble_10,3.0,6.1,11.2,897
100.0,89.7,wine,path_expansion,30,142,897,897,ensemble_10,3.0,6.1,11.2,897
,118.0,wine,mlp,30,130,1180,1180,ensemble_10,3.0,6.1,11.2,1180
,0,breast_cancer,source_tree,0,21.0,0,0,single_tree,4.0,11.0,21.0,0
0.5,332.0,breast_cancer,coexplain_soft,3,23,92,332,single_tree,4.0,11.0,21.0,332
1.0,332.0,breast_cancer,coexplain_soft,3,23,92,332,single_tree,4.0,11.0,21.0,332
2.0,332.0,breast_cancer,coexplain_soft,3,23,92,332,single_tree,4.0,11.0,21.0,332
5.0,332.0,breast_cancer,coexplain_soft,3,23,269,332,single_tree,4.0,11.0,21.0,332
10.0,332.0,breast_cancer,coexplain_soft,3,23,330,332,single_tree,4.0,11.0,21.0,332
20.0,332.0,breast_cancer,coexplain_soft,3,23,331,332,single_tree,4.0,11.0,21.0,332
50.0,332.0,breast_cancer,coexplain_soft,3,23,332,332,single_tree,4.0,11.0,21.0,332
100.0,332.0,breast_cancer,coexplain_soft,3,23,332,332,single_tree,4.0,11.0,21.0,332
0.5,332.0,breast_cancer,same_arch_random,3,23,324,332,single_tree,4.0,11.0,21.0,332
1.0,332.0,breast_cancer,same_arch_random,3,23,324,332,single_tree,4.0,11.0,21.0,332
2.0,332.0,breast_cancer,same_arch_random,3,23,324,332,single_tree,4.0,11.0,21.0,332
5.0,332.0,breast_cancer,same_arch_random,3,23,324,332,single_tree,4.0,11.0,21.0,332
10.0,332.0,breast_cancer,same_arch_random,3,23,324,332,single_tree,4.0,11.0,21.0,332
20.0,332.0,breast_cancer,same_arch_random,3,23,324,332,single_tree,4.0,11.0,21.0,332
50.0,332.0,breast_cancer,same_arch_random,3,23,324,332,single_tree,4.0,11.0,21.0,332
100.0,332.0,breast_cancer,same_arch_random,3,23,324,332,single_tree,4.0,11.0,21.0,332
,3631.0,breast_cancer,djinn,4,108,1858,3631,single_tree,4.0,11.0,21.0,3631
0.5,332.0,breast_cancer,path_expansion,3,23,332,332,single_tree,4.0,11.0,21.0,332
1.0,332.0,breast_cancer,path_expansion,3,23,332,332,single_tree,4.0,11.0,21.0,332
2.0,332.0,breast_cancer,path_expansion,3,23,332,332,single_tree,4.0,11.0,21.0,332
5.0,332.0,breast_cancer,path_expansion,3,23,332,332,single_tree,4.0,11.0,21.0,332
10.0,332.0,breast_cancer,path_expansion,3,23,332,332,single_tree,4.0,11.0,21.0,332
20.0,332.0,breast_cancer,path_expansion,3,23,332,332,single_tree,4.0,11.0,21.0,332
50.0,332.0,breast_cancer,path_expansion,3,23,332,332,single_tree,4.0,11.0,21.0,332
100.0,332.0,breast_cancer,path_expansion,3,23,332,332,single_tree,4.0,11.0,21.0,332
,338.0,breast_cancer,mlp,3,18,338,338,single_tree,4.0,11.0,21.0,338
,0,breast_cancer,source_tree,0,22.2,0,0,ensemble_10,4.0,11.6,22.2,0
0.5,351.8,breast_cancer,coexplain_soft,30,242,654,3518,ensemble_10,4.0,11.6,22.2,3518
1.0,351.8,breast_cancer,coexplain_soft,30,242,625,3518,ensemble_10,4.0,11.6,22.2,3518
2.0,351.8,breast_cancer,coexplain_soft,30,242,1390,3518,ensemble_10,4.0,11.6,22.2,3518
5.0,351.8,breast_cancer,coexplain_soft,30,242,2482,3518,ensemble_10,4.0,11.6,22.2,3518
10.0,351.8,breast_cancer,coexplain_soft,30,242,3289,3518,ensemble_10,4.0,11.6,22.2,3518
20.0,351.8,breast_cancer,coexplain_soft,30,242,3479,3518,ensemble_10,4.0,11.6,22.2,3518
50.0,351.8,breast_cancer,coexplain_soft,30,242,3515,3518,ensemble_10,4.0,11.6,22.2,3518
100.0,351.8,breast_cancer,coexplain_soft,30,242,3517,3518,ensemble_10,4.0,11.6,22.2,3518
0.5,351.8,breast_cancer,same_arch_random,30,242,3437,3518,ensemble_10,4.0,11.6,22.2,3518
1.0,351.8,breast_cancer,same_arch_random,30,242,3437,3518,ensemble_10,4.0,11.6,22.2,3518
2.0,351.8,breast_cancer,same_arch_random,30,242,3437,3518,ensemble_10,4.0,11.6,22.2,3518
5.0,351.8,breast_cancer,same_arch_random,30,242,3437,3518,ensemble_10,4.0,11.6,22.2,3518
10.0,351.8,breast_cancer,same_arch_random,30,242,3437,3518,ensemble_10,4.0,11.6,22.2,3518
20.0,351.8,breast_cancer,same_arch_random,30,242,3437,3518,ensemble_10,4.0,11.6,22.2,3518
50.0,351.8,breast_cancer,same_arch_random,30,242,3437,3518,ensemble_10,4.0,11.6,22.2,3518
100.0,351.8,breast_cancer,same_arch_random,30,242,3437,3518,ensemble_10,4.0,11.6,22.2,3518
,3697.8,breast_cancer,djinn,40,1092,15753,36978,ensemble_10,4.0,11.6,22.2,36978
0.5,351.8,breast_cancer,path_expansion,30,242,3518,3518,ensemble_10,4.0,11.6,22.2,3518
1.0,351.8,breast_cancer,path_expansion,30,242,3518,3518,ensemble_10,4.0,11.6,22.2,3518
2.0,351.8,breast_cancer,path_expansion,30,242,3518,3518,ensemble_10,4.0,11.6,22.2,3518
5.0,351.8,breast_cancer,path_expansion,30,242,3518,3518,ensemble_10,4.0,11.6,22.2,3518
10.0,351.8,breast_cancer,path_expansion,30,242,3518,3518,ensemble_10,4.0,11.6,22.2,3518
20.0,351.8,breast_cancer,path_expansion,30,242,3518,3518,ensemble_10,4.0,11.6,22.2,3518
50.0,351.8,breast_cancer,path_expansion,30,242,3518,3518,ensemble_10,4.0,11.6,22.2,3518
100.0,351.8,breast_cancer,path_expansion,30,242,3518,3518,ensemble_10,4.0,11.6,22.2,3518
,389.0,breast_cancer,mlp,30,200,3890,3890,ensemble_10,4.0,11.6,22.2,3890
,0,breast_cancer,source_tree,0,23.0,0,0,single_tree,4.0,12.0,23.0,0
0.5,365.0,breast_cancer,coexplain_soft,3,25,36,365,single_tree,4.0,12.0,23.0,365
1.0,365.0,breast_cancer,coexplain_soft,3,25,36,365,single_tree,4.0,12.0,23.0,365
2.0,365.0,breast_cancer,coexplain_soft,3,25,124,365,single_tree,4.0,12.0,23.0,365
5.0,365.0,breast_cancer,coexplain_soft,3,25,272,365,single_tree,4.0,12.0,23.0,365
10.0,365.0,breast_cancer,coexplain_soft,3,25,303,365,single_tree,4.0,12.0,23.0,365
20.0,365.0,breast_cancer,coexplain_soft,3,25,364,365,single_tree,4.0,12.0,23.0,365
50.0,365.0,breast_cancer,coexplain_soft,3,25,365,365,single_tree,4.0,12.0,23.0,365
100.0,365.0,breast_cancer,coexplain_soft,3,25,365,365,single_tree,4.0,12.0,23.0,365
0.5,365.0,breast_cancer,same_arch_random,3,25,354,365,single_tree,4.0,12.0,23.0,365
1.0,365.0,breast_cancer,same_arch_random,3,25,354,365,single_tree,4.0,12.0,23.0,365
2.0,365.0,breast_cancer,same_arch_random,3,25,354,365,single_tree,4.0,12.0,23.0,365
5.0,365.0,breast_cancer,same_arch_random,3,25,354,365,single_tree,4.0,12.0,23.0,365
10.0,365.0,breast_cancer,same_arch_random,3,25,354,365,single_tree,4.0,12.0,23.0,365
20.0,365.0,breast_cancer,same_arch_random,3,25,354,365,single_tree,4.0,12.0,23.0,365
50.0,365.0,breast_cancer,same_arch_random,3,25,354,365,single_tree,4.0,12.0,23.0,365
100.0,365.0,breast_cancer,same_arch_random,3,25,354,365,single_tree,4.0,12.0,23.0,365
,3742.0,breast_cancer,djinn,4,110,1181,3742,single_tree,4.0,12.0,23.0,3742
0.5,365.0,breast_cancer,path_expansion,3,25,365,365,single_tree,4.0,12.0,23.0,365
1.0,365.0,breast_cancer,path_expansion,3,25,365,365,single_tree,4.0,12.0,23.0,365
2.0,365.0,breast_cancer,path_expansion,3,25,365,365,single_tree,4.0,12.0,23.0,365
5.0,365.0,breast_cancer,path_expansion,3,25,365,365,single_tree,4.0,12.0,23.0,365
10.0,365.0,breast_cancer,path_expansion,3,25,365,365,single_tree,4.0,12.0,23.0,365
20.0,365.0,breast_cancer,path_expansion,3,25,365,365,single_tree,4.0,12.0,23.0,365
50.0,365.0,breast_cancer,path_expansion,3,25,365,365,single_tree,4.0,12.0,23.0,365
100.0,365.0,breast_cancer,path_expansion,3,25,365,365,single_tree,4.0,12.0,23.0,365
,389.0,breast_cancer,mlp,3,20,389,389,single_tree,4.0,12.0,23.0,389
,0,breast_cancer,source_tree,0,23.2,0,0,ensemble_10,4.0,12.1,23.2,0
0.5,368.3,breast_cancer,coexplain_soft,30,252,732,3683,ensemble_10,4.0,12.1,23.2,3683
1.0,368.3,breast_cancer,coexplain_soft,30,252,762,3683,ensemble_10,4.0,12.1,23.2,3683
2.0,368.3,breast_cancer,coexplain_soft,30,252,1143,3683,ensemble_10,4.0,12.1,23.2,3683
5.0,368.3,breast_cancer,coexplain_soft,30,252,2531,3683,ensemble_10,4.0,12.1,23.2,3683
10.0,368.3,breast_cancer,coexplain_soft,30,252,3362,3683,ensemble_10,4.0,12.1,23.2,3683
20.0,368.3,breast_cancer,coexplain_soft,30,252,3614,3683,ensemble_10,4.0,12.1,23.2,3683
50.0,368.3,breast_cancer,coexplain_soft,30,252,3682,3683,ensemble_10,4.0,12.1,23.2,3683
100.0,368.3,breast_cancer,coexplain_soft,30,252,3683,3683,ensemble_10,4.0,12.1,23.2,3683
0.5,368.3,breast_cancer,same_arch_random,30,252,3594,3683,ensemble_10,4.0,12.1,23.2,3683
1.0,368.3,breast_cancer,same_arch_random,30,252,3594,3683,ensemble_10,4.0,12.1,23.2,3683
2.0,368.3,breast_cancer,same_arch_random,30,252,3594,3683,ensemble_10,4.0,12.1,23.2,3683
5.0,368.3,breast_cancer,same_arch_random,30,252,3594,3683,ensemble_10,4.0,12.1,23.2,3683
10.0,368.3,breast_cancer,same_arch_random,30,252,3594,3683,ensemble_10,4.0,12.1,23.2,3683
20.0,368.3,breast_cancer,same_arch_random,30,252,3594,3683,ensemble_10,4.0,12.1,23.2,3683
50.0,368.3,breast_cancer,same_arch_random,30,252,3594,3683,ensemble_10,4.0,12.1,23.2,3683
100.0,368.3,breast_cancer,same_arch_random,30,252,3594,3683,ensemble_10,4.0,12.1,23.2,3683
,3709.6,breast_cancer,djinn,40,1096,15664,37096,ensemble_10,4.0,12.1,23.2,37096
0.5,368.3,breast_cancer,path_expansion,30,252,3683,3683,ensemble_10,4.0,12.1,23.2,3683
1.0,368.3,breast_cancer,path_expansion,30,252,3683,3683,ensemble_10,4.0,12.1,23.2,3683
2.0,368.3,breast_cancer,path_expansion,30,252,3683,3683,ensemble_10,4.0,12.1,23.2,3683
5.0,368.3,breast_cancer,path_expansion,30,252,3683,3683,ensemble_10,4.0,12.1,23.2,3683
10.0,368.3,breast_cancer,path_expansion,30,252,3683,3683,ensemble_10,4.0,12.1,23.2,3683
20.0,368.3,breast_cancer,path_expansion,30,252,3683,3683,ensemble_10,4.0,12.1,23.2,3683
50.0,368.3,breast_cancer,path_expansion,30,252,3683,3683,ensemble_10,4.0,12.1,23.2,3683
100.0,368.3,breast_cancer,path_expansion,30,252,3683,3683,ensemble_10,4.0,12.1,23.2,3683
,389.0,breast_cancer,mlp,30,200,3890,3890,ensemble_10,4.0,12.1,23.2,3890
,0,breast_cancer,source_tree,0,23.0,0,0,single_tree,4.0,12.0,23.0,0
0.5,365.0,breast_cancer,coexplain_soft,3,25,36,365,single_tree,4.0,12.0,23.0,365
1.0,365.0,breast_cancer,coexplain_soft,3,25,36,365,single_tree,4.0,12.0,23.0,365
2.0,365.0,breast_cancer,coexplain_soft,3,25,124,365,single_tree,4.0,12.0,23.0,365
5.0,365.0,breast_cancer,coexplain_soft,3,25,302,365,single_tree,4.0,12.0,23.0,365
10.0,365.0,breast_cancer,coexplain_soft,3,25,302,365,single_tree,4.0,12.0,23.0,365
20.0,365.0,breast_cancer,coexplain_soft,3,25,365,365,single_tree,4.0,12.0,23.0,365
50.0,365.0,breast_cancer,coexplain_soft,3,25,365,365,single_tree,4.0,12.0,23.0,365
100.0,365.0,breast_cancer,coexplain_soft,3,25,365,365,single_tree,4.0,12.0,23.0,365
0.5,365.0,breast_cancer,same_arch_random,3,25,361,365,single_tree,4.0,12.0,23.0,365
1.0,365.0,breast_cancer,same_arch_random,3,25,361,365,single_tree,4.0,12.0,23.0,365
2.0,365.0,breast_cancer,same_arch_random,3,25,361,365,single_tree,4.0,12.0,23.0,365
5.0,365.0,breast_cancer,same_arch_random,3,25,361,365,single_tree,4.0,12.0,23.0,365
10.0,365.0,breast_cancer,same_arch_random,3,25,361,365,single_tree,4.0,12.0,23.0,365
20.0,365.0,breast_cancer,same_arch_random,3,25,361,365,single_tree,4.0,12.0,23.0,365
50.0,365.0,breast_cancer,same_arch_random,3,25,361,365,single_tree,4.0,12.0,23.0,365
100.0,365.0,breast_cancer,same_arch_random,3,25,361,365,single_tree,4.0,12.0,23.0,365
,3742.0,breast_cancer,djinn,4,110,1456,3742,single_tree,4.0,12.0,23.0,3742
0.5,365.0,breast_cancer,path_expansion,3,25,365,365,single_tree,4.0,12.0,23.0,365
1.0,365.0,breast_cancer,path_expansion,3,25,365,365,single_tree,4.0,12.0,23.0,365
2.0,365.0,breast_cancer,path_expansion,3,25,365,365,single_tree,4.0,12.0,23.0,365
5.0,365.0,breast_cancer,path_expansion,3,25,365,365,single_tree,4.0,12.0,23.0,365
10.0,365.0,breast_cancer,path_expansion,3,25,365,365,single_tree,4.0,12.0,23.0,365
20.0,365.0,breast_cancer,path_expansion,3,25,365,365,single_tree,4.0,12.0,23.0,365
50.0,365.0,breast_cancer,path_expansion,3,25,365,365,single_tree,4.0,12.0,23.0,365
100.0,365.0,breast_cancer,path_expansion,3,25,365,365,single_tree,4.0,12.0,23.0,365
,389.0,breast_cancer,mlp,3,20,389,389,single_tree,4.0,12.0,23.0,389
,0,breast_cancer,source_tree,0,20.4,0,0,ensemble_10,4.0,10.7,20.4,0
0.5,322.1,breast_cancer,coexplain_soft,30,224,807,3221,ensemble_10,4.0,10.7,20.4,3221
1.0,322.1,breast_cancer,coexplain_soft,30,224,837,3221,ensemble_10,4.0,10.7,20.4,3221
2.0,322.1,breast_cancer,coexplain_soft,30,224,1308,3221,ensemble_10,4.0,10.7,20.4,3221
5.0,322.1,breast_cancer,coexplain_soft,30,224,2573,3221,ensemble_10,4.0,10.7,20.4,3221
10.0,322.1,breast_cancer,coexplain_soft,30,224,3112,3221,ensemble_10,4.0,10.7,20.4,3221
20.0,322.1,breast_cancer,coexplain_soft,30,224,3218,3221,ensemble_10,4.0,10.7,20.4,3221
50.0,322.1,breast_cancer,coexplain_soft,30,224,3221,3221,ensemble_10,4.0,10.7,20.4,3221
100.0,322.1,breast_cancer,coexplain_soft,30,224,3221,3221,ensemble_10,4.0,10.7,20.4,3221
0.5,322.1,breast_cancer,same_arch_random,30,224,3159,3221,ensemble_10,4.0,10.7,20.4,3221
1.0,322.1,breast_cancer,same_arch_random,30,224,3159,3221,ensemble_10,4.0,10.7,20.4,3221
2.0,322.1,breast_cancer,same_arch_random,30,224,3159,3221,ensemble_10,4.0,10.7,20.4,3221
5.0,322.1,breast_cancer,same_arch_random,30,224,3159,3221,ensemble_10,4.0,10.7,20.4,3221
10.0,322.1,breast_cancer,same_arch_random,30,224,3159,3221,ensemble_10,4.0,10.7,20.4,3221
20.0,322.1,breast_cancer,same_arch_random,30,224,3159,3221,ensemble_10,4.0,10.7,20.4,3221
50.0,322.1,breast_cancer,same_arch_random,30,224,3159,3221,ensemble_10,4.0,10.7,20.4,3221
100.0,322.1,breast_cancer,same_arch_random,30,224,3159,3221,ensemble_10,4.0,10.7,20.4,3221
,3634.1,breast_cancer,djinn,40,1079,15473,36341,ensemble_10,4.0,10.7,20.4,36341
0.5,322.1,breast_cancer,path_expansion,30,224,3221,3221,ensemble_10,4.0,10.7,20.4,3221
1.0,322.1,breast_cancer,path_expansion,30,224,3221,3221,ensemble_10,4.0,10.7,20.4,3221
2.0,322.1,breast_cancer,path_expansion,30,224,3221,3221,ensemble_10,4.0,10.7,20.4,3221
5.0,322.1,breast_cancer,path_expansion,30,224,3221,3221,ensemble_10,4.0,10.7,20.4,3221
10.0,322.1,breast_cancer,path_expansion,30,224,3221,3221,ensemble_10,4.0,10.7,20.4,3221
20.0,322.1,breast_cancer,path_expansion,30,224,3221,3221,ensemble_10,4.0,10.7,20.4,3221
50.0,322.1,breast_cancer,path_expansion,30,224,3221,3221,ensemble_10,4.0,10.7,20.4,3221
100.0,322.1,breast_cancer,path_expansion,30,224,3221,3221,ensemble_10,4.0,10.7,20.4,3221
,289.0,breast_cancer,mlp,30,160,2890,2890,ensemble_10,4.0,10.7,20.4,2890
,0,breast_cancer,source_tree,0,23.0,0,0,single_tree,4.0,12.0,23.0,0
0.5,365.0,breast_cancer,coexplain_soft,3,25,38,365,single_tree,4.0,12.0,23.0,365
1.0,365.0,breast_cancer,coexplain_soft,3,25,38,365,single_tree,4.0,12.0,23.0,365
2.0,365.0,breast_cancer,coexplain_soft,3,25,38,365,single_tree,4.0,12.0,23.0,365
5.0,365.0,breast_cancer,coexplain_soft,3,25,321,365,single_tree,4.0,12.0,23.0,365
10.0,365.0,breast_cancer,coexplain_soft,3,25,364,365,single_tree,4.0,12.0,23.0,365
20.0,365.0,breast_cancer,coexplain_soft,3,25,365,365,single_tree,4.0,12.0,23.0,365
50.0,365.0,breast_cancer,coexplain_soft,3,25,365,365,single_tree,4.0,12.0,23.0,365
100.0,365.0,breast_cancer,coexplain_soft,3,25,365,365,single_tree,4.0,12.0,23.0,365
0.5,365.0,breast_cancer,same_arch_random,3,25,357,365,single_tree,4.0,12.0,23.0,365
1.0,365.0,breast_cancer,same_arch_random,3,25,357,365,single_tree,4.0,12.0,23.0,365
2.0,365.0,breast_cancer,same_arch_random,3,25,357,365,single_tree,4.0,12.0,23.0,365
5.0,365.0,breast_cancer,same_arch_random,3,25,357,365,single_tree,4.0,12.0,23.0,365
10.0,365.0,breast_cancer,same_arch_random,3,25,357,365,single_tree,4.0,12.0,23.0,365
20.0,365.0,breast_cancer,same_arch_random,3,25,357,365,single_tree,4.0,12.0,23.0,365
50.0,365.0,breast_cancer,same_arch_random,3,25,357,365,single_tree,4.0,12.0,23.0,365
100.0,365.0,breast_cancer,same_arch_random,3,25,357,365,single_tree,4.0,12.0,23.0,365
,3742.0,breast_cancer,djinn,4,110,1942,3742,single_tree,4.0,12.0,23.0,3742
0.5,365.0,breast_cancer,path_expansion,3,25,365,365,single_tree,4.0,12.0,23.0,365
1.0,365.0,breast_cancer,path_expansion,3,25,365,365,single_tree,4.0,12.0,23.0,365
2.0,365.0,breast_cancer,path_expansion,3,25,365,365,single_tree,4.0,12.0,23.0,365
5.0,365.0,breast_cancer,path_expansion,3,25,365,365,single_tree,4.0,12.0,23.0,365
10.0,365.0,breast_cancer,path_expansion,3,25,365,365,single_tree,4.0,12.0,23.0,365
20.0,365.0,breast_cancer,path_expansion,3,25,365,365,single_tree,4.0,12.0,23.0,365
50.0,365.0,breast_cancer,path_expansion,3,25,365,365,single_tree,4.0,12.0,23.0,365
100.0,365.0,breast_cancer,path_expansion,3,25,365,365,single_tree,4.0,12.0,23.0,365
,389.0,breast_cancer,mlp,3,20,389,389,single_tree,4.0,12.0,23.0,389
,0,breast_cancer,source_tree,0,21.2,0,0,ensemble_10,4.0,11.1,21.2,0
0.5,335.3,breast_cancer,coexplain_soft,30,232,762,3353,ensemble_10,4.0,11.1,21.2,3353
1.0,335.3,breast_cancer,coexplain_soft,30,232,762,3353,ensemble_10,4.0,11.1,21.2,3353
2.0,335.3,breast_cancer,coexplain_soft,30,232,1146,3353,ensemble_10,4.0,11.1,21.2,3353
5.0,335.3,breast_cancer,coexplain_soft,30,232,2235,3353,ensemble_10,4.0,11.1,21.2,3353
10.0,335.3,breast_cancer,coexplain_soft,30,232,3065,3353,ensemble_10,4.0,11.1,21.2,3353
20.0,335.3,breast_cancer,coexplain_soft,30,232,3344,3353,ensemble_10,4.0,11.1,21.2,3353
50.0,335.3,breast_cancer,coexplain_soft,30,232,3352,3353,ensemble_10,4.0,11.1,21.2,3353
100.0,335.3,breast_cancer,coexplain_soft,30,232,3353,3353,ensemble_10,4.0,11.1,21.2,3353
0.5,335.3,breast_cancer,same_arch_random,30,232,3287,3353,ensemble_10,4.0,11.1,21.2,3353
1.0,335.3,breast_cancer,same_arch_random,30,232,3287,3353,ensemble_10,4.0,11.1,21.2,3353
2.0,335.3,breast_cancer,same_arch_random,30,232,3287,3353,ensemble_10,4.0,11.1,21.2,3353
5.0,335.3,breast_cancer,same_arch_random,30,232,3287,3353,ensemble_10,4.0,11.1,21.2,3353
10.0,335.3,breast_cancer,same_arch_random,30,232,3287,3353,ensemble_10,4.0,11.1,21.2,3353
20.0,335.3,breast_cancer,same_arch_random,30,232,3287,3353,ensemble_10,4.0,11.1,21.2,3353
50.0,335.3,breast_cancer,same_arch_random,30,232,3287,3353,ensemble_10,4.0,11.1,21.2,3353
100.0,335.3,breast_cancer,same_arch_random,30,232,3287,3353,ensemble_10,4.0,11.1,21.2,3353
,3656.6,breast_cancer,djinn,40,1084,16540,36566,ensemble_10,4.0,11.1,21.2,36566
0.5,335.3,breast_cancer,path_expansion,30,232,3353,3353,ensemble_10,4.0,11.1,21.2,3353
1.0,335.3,breast_cancer,path_expansion,30,232,3353,3353,ensemble_10,4.0,11.1,21.2,3353
2.0,335.3,breast_cancer,path_expansion,30,232,3353,3353,ensemble_10,4.0,11.1,21.2,3353
5.0,335.3,breast_cancer,path_expansion,30,232,3353,3353,ensemble_10,4.0,11.1,21.2,3353
10.0,335.3,breast_cancer,path_expansion,30,232,3353,3353,ensemble_10,4.0,11.1,21.2,3353
20.0,335.3,breast_cancer,path_expansion,30,232,3353,3353,ensemble_10,4.0,11.1,21.2,3353
50.0,335.3,breast_cancer,path_expansion,30,232,3353,3353,ensemble_10,4.0,11.1,21.2,3353
100.0,335.3,breast_cancer,path_expansion,30,232,3353,3353,ensemble_10,4.0,11.1,21.2,3353
,338.0,breast_cancer,mlp,30,180,3380,3380,ensemble_10,4.0,11.1,21.2,3380
,0,breast_cancer,source_tree,0,25.0,0,0,single_tree,4.0,13.0,25.0,0
0.5,398.0,breast_cancer,coexplain_soft,3,27,41,398,single_tree,4.0,13.0,25.0,398
1.0,398.0,breast_cancer,coexplain_soft,3,27,41,398,single_tree,4.0,13.0,25.0,398
2.0,398.0,breast_cancer,coexplain_soft,3,27,158,398,single_tree,4.0,13.0,25.0,398
5.0,398.0,breast_cancer,coexplain_soft,3,27,360,398,single_tree,4.0,13.0,25.0,398
10.0,398.0,breast_cancer,coexplain_soft,3,27,396,398,single_tree,4.0,13.0,25.0,398
20.0,398.0,breast_cancer,coexplain_soft,3,27,396,398,single_tree,4.0,13.0,25.0,398
50.0,398.0,breast_cancer,coexplain_soft,3,27,398,398,single_tree,4.0,13.0,25.0,398
100.0,398.0,breast_cancer,coexplain_soft,3,27,398,398,single_tree,4.0,13.0,25.0,398
0.5,398.0,breast_cancer,same_arch_random,3,27,386,398,single_tree,4.0,13.0,25.0,398
1.0,398.0,breast_cancer,same_arch_random,3,27,386,398,single_tree,4.0,13.0,25.0,398
2.0,398.0,breast_cancer,same_arch_random,3,27,386,398,single_tree,4.0,13.0,25.0,398
5.0,398.0,breast_cancer,same_arch_random,3,27,386,398,single_tree,4.0,13.0,25.0,398
10.0,398.0,breast_cancer,same_arch_random,3,27,386,398,single_tree,4.0,13.0,25.0,398
20.0,398.0,breast_cancer,same_arch_random,3,27,386,398,single_tree,4.0,13.0,25.0,398
50.0,398.0,breast_cancer,same_arch_random,3,27,386,398,single_tree,4.0,13.0,25.0,398
100.0,398.0,breast_cancer,same_arch_random,3,27,386,398,single_tree,4.0,13.0,25.0,398
,3781.0,breast_cancer,djinn,4,111,1693,3781,single_tree,4.0,13.0,25.0,3781
0.5,398.0,breast_cancer,path_expansion,3,27,398,398,single_tree,4.0,13.0,25.0,398
1.0,398.0,breast_cancer,path_expansion,3,27,398,398,single_tree,4.0,13.0,25.0,398
2.0,398.0,breast_cancer,path_expansion,3,27,398,398,single_tree,4.0,13.0,25.0,398
5.0,398.0,breast_cancer,path_expansion,3,27,398,398,single_tree,4.0,13.0,25.0,398
10.0,398.0,breast_cancer,path_expansion,3,27,398,398,single_tree,4.0,13.0,25.0,398
20.0,398.0,breast_cancer,path_expansion,3,27,398,398,single_tree,4.0,13.0,25.0,398
50.0,398.0,breast_cancer,path_expansion,3,27,398,398,single_tree,4.0,13.0,25.0,398
100.0,398.0,breast_cancer,path_expansion,3,27,398,398,single_tree,4.0,13.0,25.0,398
,389.0,breast_cancer,mlp,3,20,389,389,single_tree,4.0,13.0,25.0,389
,0,breast_cancer,source_tree,0,22.0,0,0,ensemble_10,4.0,11.5,22.0,0
0.5,348.5,breast_cancer,coexplain_soft,30,240,841,3485,ensemble_10,4.0,11.5,22.0,3485
1.0,348.5,breast_cancer,coexplain_soft,30,240,841,3485,ensemble_10,4.0,11.5,22.0,3485
2.0,348.5,breast_cancer,coexplain_soft,30,240,1252,3485,ensemble_10,4.0,11.5,22.0,3485
5.0,348.5,breast_cancer,coexplain_soft,30,240,2540,3485,ensemble_10,4.0,11.5,22.0,3485
10.0,348.5,breast_cancer,coexplain_soft,30,240,3139,3485,ensemble_10,4.0,11.5,22.0,3485
20.0,348.5,breast_cancer,coexplain_soft,30,240,3448,3485,ensemble_10,4.0,11.5,22.0,3485
50.0,348.5,breast_cancer,coexplain_soft,30,240,3485,3485,ensemble_10,4.0,11.5,22.0,3485
100.0,348.5,breast_cancer,coexplain_soft,30,240,3485,3485,ensemble_10,4.0,11.5,22.0,3485
0.5,348.5,breast_cancer,same_arch_random,30,240,3413,3485,ensemble_10,4.0,11.5,22.0,3485
1.0,348.5,breast_cancer,same_arch_random,30,240,3413,3485,ensemble_10,4.0,11.5,22.0,3485
2.0,348.5,breast_cancer,same_arch_random,30,240,3413,3485,ensemble_10,4.0,11.5,22.0,3485
5.0,348.5,breast_cancer,same_arch_random,30,240,3413,3485,ensemble_10,4.0,11.5,22.0,3485
10.0,348.5,breast_cancer,same_arch_random,30,240,3413,3485,ensemble_10,4.0,11.5,22.0,3485
20.0,348.5,breast_cancer,same_arch_random,30,240,3413,3485,ensemble_10,4.0,11.5,22.0,3485
50.0,348.5,breast_cancer,same_arch_random,30,240,3413,3485,ensemble_10,4.0,11.5,22.0,3485
100.0,348.5,breast_cancer,same_arch_random,30,240,3413,3485,ensemble_10,4.0,11.5,22.0,3485
,3664.9,breast_cancer,djinn,40,1087,16108,36649,ensemble_10,4.0,11.5,22.0,36649
0.5,348.5,breast_cancer,path_expansion,30,240,3485,3485,ensemble_10,4.0,11.5,22.0,3485
1.0,348.5,breast_cancer,path_expansion,30,240,3485,3485,ensemble_10,4.0,11.5,22.0,3485
2.0,348.5,breast_cancer,path_expansion,30,240,3485,3485,ensemble_10,4.0,11.5,22.0,3485
5.0,348.5,breast_cancer,path_expansion,30,240,3485,3485,ensemble_10,4.0,11.5,22.0,3485
10.0,348.5,breast_cancer,path_expansion,30,240,3485,3485,ensemble_10,4.0,11.5,22.0,3485
20.0,348.5,breast_cancer,path_expansion,30,240,3485,3485,ensemble_10,4.0,11.5,22.0,3485
50.0,348.5,breast_cancer,path_expansion,30,240,3485,3485,ensemble_10,4.0,11.5,22.0,3485
100.0,348.5,breast_cancer,path_expansion,30,240,3485,3485,ensemble_10,4.0,11.5,22.0,3485
,442.0,breast_cancer,mlp,30,220,4420,4420,ensemble_10,4.0,11.5,22.0,4420
